fault_id,0.0,0.2,1.0,2.0
healthy,0.0,0.0,0.0102,0.3176
R1:open,1.0,1.0,1.0,1.0
R1:short,1.0,1.0,1.0,1.0
R1:parametric:-0.5,1.0,0.95,0.665,0.685
R1:parametric:-0.25,0.0,0.0,0.085,0.385
R1:parametric:-0.1,0.0,0.0,0.015,0.265
R1:parametric:+0.1,0.0,0.0,0.02,0.365
R1:parametric:+0.25,0.0,0.0,0.04,0.31
R1:parametric:+0.5,0.0,0.0,0.05,0.345
R2:open,1.0,1.0,1.0,1.0
R2:short,1.0,1.0,1.0,1.0
R2:parametric:-0.5,1.0,1.0,1.0,1.0
R2:parametric:-0.25,1.0,0.56,0.525,0.555
R2:parametric:-0.1,0.0,0.0,0.16,0.31
R2:parametric:+0.1,0.0,0.0,0.11,0.485
R2:parametric:+0.25,1.0,0.995,0.745,0.77
R2:parametric:+0.5,1.0,1.0,1.0,0.98
R3:open,1.0,1.0,1.0,1.0
R3:short,1.0,1.0,1.0,1.0
R3:parametric:-0.5,1.0,1.0,1.0,1.0
R3:parametric:-0.25,1.0,1.0,0.995,0.905
R3:parametric:-0.1,0.0,0.0,0.28,0.555
R3:parametric:+0.1,0.0,0.0,0.085,0.27
R3:parametric:+0.25,1.0,0.665,0.465,0.485
R3:parametric:+0.5,1.0,1.0,0.935,0.78
R4:open,1.0,1.0,1.0,1.0
R4:short,1.0,1.0,1.0,1.0
R4:parametric:-0.5,1.0,1.0,1.0,0.96
R4:parametric:-0.25,0.0,0.0,0.05,0.32
R4:parametric:-0.1,0.0,0.0,0.08,0.245
R4:parametric:+0.1,0.0,0.0,0.15,0.515
R4:parametric:+0.25,1.0,1.0,0.745,0.71
R4:parametric:+0.5,1.0,1.0,1.0,0.99
R5:open,1.0,1.0,1.0,1.0
R5:short,1.0,1.0,1.0,1.0
R5:parametric:-0.5,1.0,1.0,1.0,1.0
R5:parametric:-0.25,1.0,1.0,0.965,0.845
R5:parametric:-0.1,0.0,0.0,0.165,0.53
R5:parametric:+0.1,0.0,0.0,0.045,0.28
R5:parametric:+0.25,0.0,0.0,0.14,0.265
R5:parametric:+0.5,0.0,0.0,0.26,0.455
C1:open,1.0,1.0,1.0,1.0
C1:short,1.0,1.0,1.0,1.0
C1:parametric:-0.5,1.0,1.0,1.0,1.0
C1:parametric:-0.25,1.0,1.0,0.82,0.805
C1:parametric:-0.1,0.0,0.0,0.125,0.455
C1:parametric:+0.1,0.0,0.0,0.065,0.37
C1:parametric:+0.25,0.0,0.045,0.42,0.5
C1:parametric:+0.5,1.0,1.0,0.965,0.78
C2:open,1.0,1.0,1.0,1.0
C2:short,1.0,1.0,1.0,1.0
C2:parametric:-0.5,1.0,1.0,1.0,1.0
C2:parametric:-0.25,1.0,1.0,0.69,0.635
C2:parametric:-0.1,0.0,0.0,0.115,0.365
C2:parametric:+0.1,0.0,0.0,0.045,0.34
C2:parametric:+0.25,0.0,0.025,0.495,0.635
C2:parametric:+0.5,1.0,1.0,1.0,0.895
XU1.aol:parametric:x0.001,0.0,0.0,0.02,0.345
XU1.gbw:parametric:x0.01,1.0,1.0,1.0,1.0
