fault_id,0.0,0.2,1.0,2.0,loss,critical_tolerance
R1:open,1.0,1.0,1.0,1.0,0.0,2.0
R1:short,1.0,1.0,1.0,1.0,0.0,2.0
R1:parametric:-0.5,1.0,1.0,1.0,0.98,0.020000000000000018,2.0
R1:parametric:-0.25,1.0,1.0,0.905,0.22,0.78,1.0
R1:parametric:-0.1,1.0,1.0,0.09,0.015,0.985,0.2
R1:parametric:+0.1,1.0,1.0,0.175,0.04,0.96,0.2
R1:parametric:+0.25,1.0,1.0,0.77,0.215,0.785,0.2
R1:parametric:+0.5,1.0,1.0,1.0,0.725,0.275,1.0
R2:open,1.0,1.0,1.0,1.0,0.0,2.0
R2:short,1.0,1.0,1.0,1.0,0.0,2.0
R2:parametric:-0.5,1.0,1.0,1.0,1.0,0.0,2.0
R2:parametric:-0.25,1.0,1.0,0.995,0.335,0.665,1.0
R2:parametric:-0.1,1.0,1.0,0.355,0.09,0.91,0.2
R2:parametric:+0.1,1.0,1.0,0.115,0.02,0.98,0.2
R2:parametric:+0.25,1.0,1.0,0.78,0.14,0.86,0.2
R2:parametric:+0.5,1.0,1.0,1.0,0.595,0.405,1.0
R3:open,1.0,1.0,1.0,1.0,0.0,2.0
R3:short,1.0,1.0,1.0,1.0,0.0,2.0
R3:parametric:-0.5,1.0,1.0,1.0,1.0,0.0,2.0
R3:parametric:-0.25,1.0,1.0,0.98,0.385,0.615,1.0
R3:parametric:-0.1,1.0,1.0,0.2,0.035,0.965,0.2
R3:parametric:+0.1,1.0,1.0,0.18,0.06,0.94,0.2
R3:parametric:+0.25,1.0,1.0,0.855,0.38,0.62,0.2
R3:parametric:+0.5,1.0,1.0,1.0,0.86,0.14,1.0
R4:open,1.0,1.0,1.0,1.0,0.0,2.0
R4:short,1.0,1.0,1.0,1.0,0.0,2.0
R4:parametric:-0.5,1.0,1.0,1.0,0.99,0.010000000000000009,2.0
R4:parametric:-0.25,1.0,1.0,0.955,0.37,0.63,1.0
R4:parametric:-0.1,1.0,1.0,0.24,0.06,0.94,0.2
R4:parametric:+0.1,1.0,1.0,0.105,0.03,0.97,0.2
R4:parametric:+0.25,1.0,1.0,0.665,0.125,0.875,0.2
R4:parametric:+0.5,1.0,1.0,1.0,0.54,0.45999999999999996,1.0
R5:open,1.0,1.0,1.0,1.0,0.0,2.0
R5:short,1.0,1.0,1.0,1.0,0.0,2.0
R5:parametric:-0.5,1.0,1.0,1.0,0.98,0.020000000000000018,2.0
R5:parametric:-0.25,1.0,1.0,0.91,0.24,0.76,1.0
R5:parametric:-0.1,1.0,1.0,0.11,0.03,0.97,0.2
R5:parametric:+0.1,1.0,1.0,0.18,0.07,0.9299999999999999,0.2
R5:parametric:+0.25,1.0,1.0,0.79,0.195,0.8049999999999999,0.2
R5:parametric:+0.5,1.0,1.0,1.0,0.74,0.26,1.0
C1:open,1.0,1.0,1.0,1.0,0.0,2.0
C1:short,1.0,1.0,1.0,1.0,0.0,2.0
C1:parametric:-0.5,1.0,1.0,1.0,0.98,0.020000000000000018,2.0
C1:parametric:-0.25,1.0,1.0,0.88,0.24,0.76,0.2
C1:parametric:-0.1,1.0,1.0,0.13,0.04,0.96,0.2
C1:parametric:+0.1,1.0,1.0,0.14,0.045,0.955,0.2
C1:parametric:+0.25,1.0,1.0,0.675,0.15,0.85,0.2
C1:parametric:+0.5,1.0,1.0,1.0,0.555,0.44499999999999995,1.0
C2:open,1.0,1.0,1.0,1.0,0.0,2.0
C2:short,1.0,1.0,1.0,1.0,0.0,2.0
C2:parametric:-0.5,1.0,1.0,1.0,1.0,0.0,2.0
C2:parametric:-0.25,1.0,1.0,0.985,0.395,0.605,1.0
C2:parametric:-0.1,1.0,1.0,0.23,0.06,0.94,0.2
C2:parametric:+0.1,1.0,1.0,0.22,0.05,0.95,0.2
C2:parametric:+0.25,1.0,1.0,0.85,0.345,0.655,0.2
C2:parametric:+0.5,1.0,1.0,1.0,0.725,0.275,1.0
XU1.aol:parametric:x0.001,1.0,0.155,0.03,0.02,0.98,0.0
XU1.gbw:parametric:x0.01,1.0,1.0,1.0,1.0,0.0,2.0
