fault_id,nominal,13.5V_68ohm_-20C,13.5V_68ohm_85C,13.5V_1000ohm_-20C,13.5V_1000ohm_85C,18V_68ohm_-20C,18V_68ohm_85C,18V_1000ohm_-20C,18V_1000ohm_85C,worst_case,range
R1:open,1.0,1.0,1.0,1.0,1.0,1.0,1.0,1.0,1.0,1.0,0.0
R1:short,1.0,1.0,1.0,1.0,1.0,1.0,1.0,1.0,1.0,1.0,0.0
R1:parametric:-0.5,1.0,1.0,1.0,1.0,1.0,1.0,1.0,1.0,1.0,1.0,0.0
R1:parametric:-0.25,1.0,1.0,1.0,1.0,1.0,1.0,1.0,1.0,1.0,1.0,0.0
R1:parametric:-0.1,1.0,0.99,1.0,1.0,0.995,1.0,1.0,1.0,1.0,0.99,0.010000000000000009
R1:parametric:+0.1,1.0,0.97,1.0,0.97,0.985,1.0,1.0,1.0,1.0,0.97,0.030000000000000027
R1:parametric:+0.25,1.0,1.0,1.0,1.0,1.0,1.0,1.0,1.0,1.0,1.0,0.0
R1:parametric:+0.5,1.0,1.0,1.0,1.0,1.0,1.0,1.0,1.0,1.0,1.0,0.0
R2:open,1.0,1.0,1.0,1.0,1.0,1.0,1.0,1.0,1.0,1.0,0.0
R2:short,1.0,1.0,1.0,1.0,1.0,1.0,1.0,1.0,1.0,1.0,0.0
R2:parametric:-0.5,1.0,1.0,1.0,1.0,1.0,1.0,1.0,1.0,1.0,1.0,0.0
R2:parametric:-0.25,1.0,1.0,1.0,1.0,1.0,1.0,1.0,1.0,1.0,1.0,0.0
R2:parametric:-0.1,0.495,0.395,0.435,0.7,0.65,0.325,0.28,0.665,0.59,0.28,0.41999999999999993
R2:parametric:+0.1,0.38,0.275,0.39,0.42,0.44,0.23,0.17,0.325,0.38,0.17,0.27
R2:parametric:+0.25,1.0,0.975,0.995,1.0,1.0,0.96,0.955,1.0,0.995,0.955,0.04500000000000004
R2:parametric:+0.5,1.0,1.0,1.0,1.0,1.0,1.0,1.0,1.0,1.0,1.0,0.0
R3:open,1.0,1.0,1.0,1.0,1.0,1.0,1.0,1.0,1.0,1.0,0.0
R3:short,1.0,1.0,1.0,1.0,1.0,1.0,1.0,1.0,1.0,1.0,0.0
R3:parametric:-0.5,1.0,1.0,1.0,1.0,1.0,1.0,1.0,1.0,1.0,1.0,0.0
R3:parametric:-0.25,1.0,1.0,1.0,1.0,1.0,1.0,1.0,1.0,1.0,1.0,0.0
R3:parametric:-0.1,1.0,1.0,1.0,1.0,1.0,1.0,1.0,1.0,1.0,1.0,0.0
R3:parametric:+0.1,1.0,1.0,1.0,1.0,1.0,1.0,1.0,1.0,1.0,1.0,0.0
R3:parametric:+0.25,1.0,1.0,1.0,1.0,1.0,1.0,1.0,1.0,1.0,1.0,0.0
R3:parametric:+0.5,1.0,1.0,1.0,1.0,1.0,1.0,1.0,1.0,1.0,1.0,0.0
R4:open,1.0,1.0,1.0,1.0,1.0,1.0,1.0,1.0,1.0,1.0,0.0
R4:short,1.0,1.0,1.0,1.0,1.0,1.0,1.0,1.0,1.0,1.0,0.0
R4:parametric:-0.5,1.0,1.0,1.0,1.0,1.0,1.0,1.0,1.0,1.0,1.0,0.0
R4:parametric:-0.25,1.0,1.0,1.0,1.0,1.0,1.0,1.0,1.0,1.0,1.0,0.0
R4:parametric:-0.1,1.0,1.0,1.0,1.0,1.0,1.0,1.0,1.0,1.0,1.0,0.0
R4:parametric:+0.1,1.0,1.0,1.0,1.0,1.0,1.0,1.0,1.0,1.0,1.0,0.0
R4:parametric:+0.25,1.0,1.0,1.0,1.0,1.0,1.0,1.0,1.0,1.0,1.0,0.0
R4:parametric:+0.5,1.0,1.0,1.0,1.0,1.0,1.0,1.0,1.0,1.0,1.0,0.0
C1:open,0.07,0.48,0.135,0.11,0.04,0.135,0.07,0.04,0.01,0.01,0.47
C1:short,1.0,1.0,1.0,1.0,1.0,1.0,1.0,1.0,1.0,1.0,0.0
C1:parametric:-0.5,0.075,0.24,0.04,0.055,0.015,0.04,0.03,0.02,0.03,0.015,0.22499999999999998
C1:parametric:-0.25,0.03,0.065,0.02,0.025,0.02,0.03,0.015,0.015,0.015,0.015,0.05
C1:parametric:-0.1,0.005,0.015,0.015,0.01,0.02,0.03,0.02,0.03,0.01,0.005,0.024999999999999998
C1:parametric:+0.1,0.015,0.03,0.02,0.015,0.015,0.025,0.02,0.02,0.02,0.015,0.015
C1:parametric:+0.25,0.03,0.205,0.055,0.035,0.025,0.02,0.015,0.03,0.015,0.015,0.19
C1:parametric:+0.5,0.145,0.62,0.22,0.105,0.06,0.12,0.03,0.005,0.01,0.005,0.615
Q1:open:collector,1.0,1.0,1.0,1.0,1.0,1.0,1.0,1.0,1.0,1.0,0.0
Q1:open:base,1.0,1.0,1.0,1.0,1.0,1.0,1.0,1.0,1.0,1.0,0.0
Q1:open:emitter,1.0,1.0,1.0,1.0,1.0,1.0,1.0,1.0,1.0,1.0,0.0
Q1:short:collector-emitter,1.0,1.0,1.0,1.0,1.0,1.0,1.0,1.0,1.0,1.0,0.0
Q1:short:base-emitter,1.0,1.0,1.0,1.0,1.0,1.0,1.0,1.0,1.0,1.0,0.0
Q1:short:collector-base,1.0,1.0,1.0,1.0,1.0,1.0,1.0,1.0,1.0,1.0,0.0
Q2:open:collector,1.0,1.0,1.0,1.0,1.0,1.0,1.0,1.0,1.0,1.0,0.0
Q2:open:base,1.0,1.0,1.0,1.0,1.0,1.0,1.0,1.0,1.0,1.0,0.0
Q2:open:emitter,1.0,1.0,1.0,1.0,1.0,1.0,1.0,1.0,1.0,1.0,0.0
Q2:short:collector-emitter,1.0,1.0,1.0,1.0,1.0,1.0,1.0,1.0,1.0,1.0,0.0
Q2:short:base-emitter,1.0,1.0,1.0,1.0,1.0,1.0,1.0,1.0,1.0,1.0,0.0
Q2:short:collector-base,1.0,1.0,1.0,1.0,1.0,1.0,1.0,1.0,1.0,1.0,0.0
D1:open,1.0,1.0,1.0,1.0,1.0,1.0,1.0,1.0,1.0,1.0,0.0
D1:short,1.0,1.0,1.0,1.0,1.0,1.0,1.0,1.0,1.0,1.0,0.0
