fault_id,nominal,low_line,high_line,heavy_load,light_load,cold,hot,worst_case,range
R1:open,1.0,1.0,1.0,1.0,1.0,1.0,1.0,1.0,0.0
R1:short,1.0,1.0,1.0,1.0,1.0,1.0,1.0,1.0,0.0
R1:parametric:-0.5,1.0,1.0,1.0,1.0,1.0,1.0,1.0,1.0,0.0
R1:parametric:-0.25,1.0,1.0,1.0,1.0,1.0,1.0,1.0,1.0,0.0
R1:parametric:-0.1,1.0,1.0,1.0,1.0,1.0,1.0,1.0,1.0,0.0
R1:parametric:+0.1,1.0,0.98,1.0,1.0,1.0,1.0,1.0,0.98,0.020000000000000018
R1:parametric:+0.25,1.0,1.0,1.0,1.0,1.0,1.0,1.0,1.0,0.0
R1:parametric:+0.5,1.0,1.0,1.0,1.0,1.0,1.0,1.0,1.0,0.0
R2:open,1.0,1.0,1.0,1.0,1.0,1.0,1.0,1.0,0.0
R2:short,1.0,1.0,1.0,1.0,1.0,1.0,1.0,1.0,0.0
R2:parametric:-0.5,1.0,1.0,1.0,1.0,1.0,1.0,1.0,1.0,0.0
R2:parametric:-0.25,1.0,1.0,1.0,1.0,1.0,1.0,1.0,1.0,0.0
R2:parametric:-0.1,0.63,0.43,0.36,0.415,0.61,0.42,0.555,0.36,0.27
R2:parametric:+0.1,0.33,0.245,0.255,0.275,0.52,0.425,0.235,0.235,0.28500000000000003
R2:parametric:+0.25,1.0,0.995,0.98,0.985,1.0,1.0,0.995,0.98,0.020000000000000018
R2:parametric:+0.5,1.0,1.0,1.0,1.0,1.0,1.0,1.0,1.0,0.0
R3:open,1.0,1.0,1.0,1.0,1.0,1.0,1.0,1.0,0.0
R3:short,1.0,1.0,1.0,1.0,1.0,1.0,1.0,1.0,0.0
R3:parametric:-0.5,1.0,1.0,1.0,1.0,1.0,1.0,1.0,1.0,0.0
R3:parametric:-0.25,1.0,1.0,1.0,1.0,1.0,1.0,1.0,1.0,0.0
R3:parametric:-0.1,1.0,1.0,1.0,1.0,1.0,1.0,1.0,1.0,0.0
R3:parametric:+0.1,1.0,1.0,1.0,1.0,1.0,1.0,1.0,1.0,0.0
R3:parametric:+0.25,1.0,1.0,1.0,1.0,1.0,1.0,1.0,1.0,0.0
R3:parametric:+0.5,1.0,1.0,1.0,1.0,1.0,1.0,1.0,1.0,0.0
R4:open,1.0,1.0,1.0,1.0,1.0,1.0,1.0,1.0,0.0
R4:short,1.0,1.0,1.0,1.0,1.0,1.0,1.0,1.0,0.0
R4:parametric:-0.5,1.0,1.0,1.0,1.0,1.0,1.0,1.0,1.0,0.0
R4:parametric:-0.25,1.0,1.0,1.0,1.0,1.0,1.0,1.0,1.0,0.0
R4:parametric:-0.1,1.0,1.0,1.0,1.0,1.0,1.0,1.0,1.0,0.0
R4:parametric:+0.1,1.0,1.0,1.0,1.0,1.0,1.0,1.0,1.0,0.0
R4:parametric:+0.25,1.0,1.0,1.0,1.0,1.0,1.0,1.0,1.0,0.0
R4:parametric:+0.5,1.0,1.0,1.0,1.0,1.0,1.0,1.0,1.0,0.0
C1:open,0.065,0.075,0.025,0.085,0.055,0.215,0.025,0.025,0.19
C1:short,1.0,1.0,1.0,1.0,1.0,1.0,1.0,1.0,0.0
C1:parametric:-0.5,0.02,0.035,0.02,0.04,0.04,0.11,0.025,0.02,0.09
C1:parametric:-0.25,0.02,0.01,0.025,0.035,0.03,0.06,0.005,0.005,0.055
C1:parametric:-0.1,0.045,0.005,0.035,0.005,0.055,0.04,0.02,0.005,0.05
C1:parametric:+0.1,0.04,0.005,0.015,0.0,0.015,0.03,0.015,0.0,0.04
C1:parametric:+0.25,0.09,0.055,0.015,0.075,0.045,0.07,0.04,0.015,0.075
C1:parametric:+0.5,0.26,0.225,0.03,0.26,0.075,0.295,0.055,0.03,0.265
Q1:open:collector,1.0,1.0,1.0,1.0,1.0,1.0,1.0,1.0,0.0
Q1:open:base,1.0,1.0,1.0,1.0,1.0,1.0,1.0,1.0,0.0
Q1:open:emitter,1.0,1.0,1.0,1.0,1.0,1.0,1.0,1.0,0.0
Q1:short:collector-emitter,1.0,1.0,1.0,1.0,1.0,1.0,1.0,1.0,0.0
Q1:short:base-emitter,1.0,1.0,1.0,1.0,1.0,1.0,1.0,1.0,0.0
Q1:short:collector-base,1.0,1.0,1.0,1.0,1.0,1.0,1.0,1.0,0.0
Q2:open:collector,1.0,1.0,1.0,1.0,1.0,1.0,1.0,1.0,0.0
Q2:open:base,1.0,1.0,1.0,1.0,1.0,1.0,1.0,1.0,0.0
Q2:open:emitter,1.0,1.0,1.0,1.0,1.0,1.0,1.0,1.0,0.0
Q2:short:collector-emitter,1.0,1.0,1.0,1.0,1.0,1.0,1.0,1.0,0.0
Q2:short:base-emitter,1.0,1.0,1.0,1.0,1.0,1.0,1.0,1.0,0.0
Q2:short:collector-base,1.0,1.0,1.0,1.0,1.0,1.0,1.0,1.0,0.0
D1:open,1.0,1.0,1.0,1.0,1.0,1.0,1.0,1.0,0.0
D1:short,1.0,1.0,1.0,1.0,1.0,1.0,1.0,1.0,0.0
