,R1,R2,R3,R4,R5,R6,R7,R8,R9,C1,C2
corner_frequency,-5.97730684174644,-17.150487662794376,23.1278452173799,-11.997882812818261,11.996473927298211,-29.155326170480976,-11.16790975888739,0.018459490956502123,-0.017911253632973967,-29.15543854257112,-11.167939887652437
passband_gain,-0.009995883817670359,-4.157975828533722e-06,0.009999125435989131,-9.57273024665417e-06,9.564172487652733e-06,-2.0851937631738426e-05,-6.684014245250669e-06,-0.009990024395623687,0.00998923484262182,-2.0852293146633727e-05,-6.601355109825402e-06
peak_gain,-0.009013716439220887,-0.0013192713028059577,0.010331896800008789,0.0051562010295477245,-0.005157077267023746,0.0038439057610507588,-0.0038876852029000597,-0.011584176781285982,0.01158290052151667,0.0038441299634008885,-0.0038875410713271608
gain_1k7,-0.0011088434657787818,0.0011870816795346018,-7.835224801475138e-05,9.366789475768328e-05,-9.3661919411063e-05,0.0012800983807322724,0.0011396713779615736,-0.0011556757169814066,0.0011555600805907562,0.001280098121874955,0.0011396769005331889
gain_5k1,-0.006639829783043227,0.0034427456302282278,0.0031979734506092927,0.006654142162102916,-0.006654826211900167,0.01009560332347148,0.00012109312208830048,-0.009962478890309823,0.009961407246099174,0.010095726045141029,0.00012121689673338931
gain_15k,-0.010138120985124788,-0.0007784750840227339,0.010915510775778126,0.0009088522053041226,-0.0009087938222848146,0.00013636836835251298,-0.0012263147531597074,-0.010586604925407861,0.010585458193221542,0.00013655680350377342,-0.0012262163940994775
phase_5k1,0.0023460071054657305,-0.5753160361034162,0.5729745844595797,0.004692983697502484,-0.004693448640743725,-0.5703024636096004,-0.5773959094486187,0.0002937022945843637,-0.0002907593793821661,-0.570297726344819,-0.5773935665567862
pulse_peak,-0.04904853658222397,0.0002891388622070501,0.04874810514637096,0.0006565917537475485,-0.0006565965156632991,0.0008035364659169097,-0.00018708915155096761,-0.04920420069539233,0.049198423494784205,0.0008937725893947146,1.0905056795351697e-05
pulse_minimum,0.021273442146651056,0.006415172211280851,-0.027685463427548407,0.0075214565458433524,-0.007521402874260619,0.013936022903753065,0.0026594868307774355,0.017547971100799198,-0.017546522636940787,0.013935345167541913,0.002658667170722495
pulse_rms,-0.004102154048047674,-8.393687718488696e-05,0.004185479159822703,0.00046598261925875906,-0.0004660052214280619,0.0003846532117958157,-0.00031394525616296187,-0.004333781925510344,0.004333329813980824,0.00038436980899647644,-0.00031474020495411703
