fault_id,healthy,R1:open,R1:short,R1:parametric:-0.5,R1:parametric:-0.25,R1:parametric:-0.1,R1:parametric:+0.1,R1:parametric:+0.25,R1:parametric:+0.5,R2:open,R2:short,R2:parametric:-0.5,R2:parametric:-0.25,R2:parametric:-0.1,R2:parametric:+0.1,R2:parametric:+0.25,R2:parametric:+0.5,R3:open,R3:short,R3:parametric:-0.5,R3:parametric:-0.25,R3:parametric:-0.1,R3:parametric:+0.1,R3:parametric:+0.25,R3:parametric:+0.5,R4:open,R4:short,R4:parametric:-0.5,R4:parametric:-0.25,R4:parametric:-0.1,R4:parametric:+0.1,R4:parametric:+0.25,R4:parametric:+0.5,C1:open,C1:short,C1:parametric:-0.5,C1:parametric:-0.25,C1:parametric:-0.1,C1:parametric:+0.1,C1:parametric:+0.25,C1:parametric:+0.5,Q1:open:collector,Q1:open:base,Q1:open:emitter,Q1:short:collector-emitter,Q1:short:base-emitter,Q1:short:collector-base,Q2:open:collector,Q2:open:base,Q2:open:emitter,Q2:short:collector-emitter,Q2:short:base-emitter,Q2:short:collector-base,D1:open,D1:short
healthy,0.0,2523.1009533589295,3150.1918272846783,40.674258243677656,14.337079101958611,4.767150500119431,3.7478272111566295,9.008948978340067,16.232323148500722,23.588131662736703,922.7156806218037,18.91419685914717,6.5425144978071925,2.1784050340033816,1.809851063877491,4.20126264055925,6.921387422973426,2668.0735081149924,168.7658928173679,72.78208146162214,33.34952715199405,12.549691644341534,10.97789882655639,24.76969357369841,43.23711674540471,167.06664642327232,2522.93646383832,1555.0958063083494,35.29546695059779,13.129268848514664,11.38732799103708,25.999912414227012,46.09961279492617,1.0132532955349975,1710.0216101696976,0.7047463812844699,0.6307090649639588,0.28213357065574046,0.25274184119542026,0.5831885474870228,1.2894477299910796,1344.3485320652394,2555.7546921596377,2667.96116869391,3197.7524088438204,1070.53103464754,3153.5206043306466,1537.5742318660466,1882.704890596732,1597.6228580770307,521.9397498148189,1714.815366157801,199.10143767692418,1932.375267908506,2341.239456933148
R1:open,2523.1009533589295,0.0,6341.5368150328895,2564.5809544330777,2454.746400737515,2563.964528602086,2571.1446203917967,2443.004471354158,2562.2442162955904,2551.4255311627053,1072.1430116488345,2591.3686153903645,2579.8135886384666,2521.606879539812,2545.7529675471433,2570.0379014248224,2538.5848313540414,3102.978457535633,2893.4629640865505,2581.9549611534635,2556.0998735262538,2509.144215150925,2530.4097201243203,2502.488895403439,2277.228248844579,2916.411801349352,2377.895947089814,2860.6546329237744,2536.7033491632437,2502.298720338308,2575.648582847195,2465.3938911194045,2579.467642417699,2536.764967040348,402.12631636259624,2379.37938725418,2426.5633581194666,2527.3584861226122,2417.2337326157913,2573.830607024235,2573.780453400991,258.63926305752835,7270.187589000379,7255.866977835183,7035.522461051381,229.2935184499496,6301.200016074019,2511.068815258709,2823.4704396186485,2995.8255637059206,2381.4854763159906,3095.9833898372813,2490.8875507001894,2841.8892320154737,409.4383153641153
R1:short,3150.1918272846783,6341.5368150328895,0.0,2647.4451857482195,2909.3888195337463,3199.068147905942,3030.88204858071,3508.4605604617987,3221.720775275119,2653.2060377543753,1072.8273362641387,3031.022294004434,3243.1988242691036,2805.5747516650595,3308.0683617643967,2899.3530792540323,3134.4999664036063,848.4606794424225,4531.74886861006,4297.703235068087,3928.723869726915,4012.2211914269656,2755.552566508681,1715.9466595681547,345.1198591315861,4615.222489300109,843.4389783818323,242.36876678975207,1294.6462927439056,2577.4710549713086,3316.5969442619867,4160.443111460787,4020.601896936511,2953.456304961005,4689.219556453373,3092.172124296412,2890.3616925366323,2909.9145958300824,2921.4401978702067,2992.919929528438,3470.751665414181,2306.5911745307308,6301.970051866577,6341.423627963962,4239.605094285235,2376.9614704587857,0.11639359052011343,205.5672056590737,241.26706473855117,218.24503935997225,4753.011603247343,243.36337110369823,4576.674112208441,887.3874658344721,4450.174474528938
R1:parametric:-0.5,40.674258243677656,2564.5809544330777,2647.4451857482195,0.0,27.56735752595043,36.24724447221772,44.04958109150579,49.41240060889948,53.03695276533045,48.49614280974099,1009.9853013325593,41.775399705890706,44.911528852690594,43.05218329992129,40.59745950660737,36.65197384007815,38.46860014656671,2714.202229497383,151.22924758307443,85.42909690632075,70.50112721612031,52.79762226787199,29.127395788009057,30.770893264208087,39.28333653616266,157.83624566989636,2564.55119895879,1454.564118775834,33.834138467555135,28.968112126287263,49.74057316426512,59.96713144447006,69.03913866952415,37.00156747054982,1734.370294868244,40.67265201675792,40.81487320042357,40.609933247798786,39.3625856405495,38.148897069986845,40.08294885138847,1362.155562426705,2598.2469372125447,2714.0890035236193,2698.0870415609565,1083.815761519699,2649.503857098242,1439.2719659167135,1724.6178283287277,1490.8818724236671,530.5316506020339,1587.5012157854524,243.58011924325734,1766.7658567385088,2308.3169599494204
R1:parametric:-0.25,14.337079101958611,2454.746400737515,2909.3888195337463,27.56735752595043,0.0,9.545680147387003,18.060013267604237,22.997834562487494,27.660034147290204,31.831874952013973,980.394190708843,16.610881029052383,17.196629912717622,15.739207480841749,13.897866675268077,13.196657223105854,15.78148304502682,2586.6012658389986,151.10395346625276,67.88480461511901,41.923778437813944,25.329048376383373,18.381687300054455,24.63070360291457,40.726622443935334,149.5633626354104,2454.271657391532,1512.8238596594724,32.3294242102748,19.918513067679967,22.60917942524113,31.930553103855555,43.67696290155852,12.834994465494127,1686.929263833698,13.890212471756698,13.994224654839062,14.132654803468121,13.82134866488795,13.71096743830307,14.467115307208038,1334.2186750256417,2484.5727961433145,2586.492751905872,2959.027355577867,1066.8915109436516,2912.0481629306955,1496.308551084517,1813.9424377152145,1552.5397875064643,523.1121414729748,1660.3302689960985,218.63572602304663,1860.099323044111,2200.5873639363
R1:parametric:-0.1,4.767150500119431,2563.964528602086,3199.068147905942,36.24724447221772,9.545680147387003,0.0,8.500783640955975,13.320220875362958,20.06579500199801,27.09231923865794,966.9888421115731,17.21895596235612,6.90998565367259,5.692817631774701,5.264503149508876,7.477919942967387,10.25808437072322,2716.1012522296182,189.75558219330782,80.07722067441149,36.43484067029539,16.105588427812084,13.363854405928551,25.44041868375238,43.85230530394825,187.83273502251842,2563.979472419821,1559.4278199776484,36.04986469762764,14.503827625830489,12.633813137000226,28.107083668396253,50.55435241693269,4.575880811033565,1726.535950088893,4.690840786828905,4.334449318738921,4.510752409337297,4.605390290849932,4.955195240985657,5.676769134302507,1353.6083743055906,2598.158591297374,2715.9870364665157,3246.062189926777,1075.8448175515707,3202.564966433838,1541.722483563192,1892.0886067836914,1602.4669683435895,523.9724316594561,1721.406081520308,223.67024790697198,1942.4783016609094,2360.2259273960162
R1:parametric:+0.1,3.7478272111566295,2571.1446203917967,3030.88204858071,44.04958109150579,18.060013267604237,8.500783640955975,0.0,5.450582013992685,12.822514986004604,21.252299736095495,895.5197811991003,21.43572936186189,9.188375352908729,4.9761322405065265,4.47216562217533,4.957867972093833,6.362577369429205,2725.420789530129,183.1107334526366,77.40597138294538,34.88463802169968,12.754733635075764,13.358587883903166,25.876773773370353,43.95122330588135,181.23937085645582,2571.2075066861007,1539.777302284215,36.16665685950654,14.009519012069797,11.578918067064373,26.762076367588975,48.62531172949463,4.472353897261602,1726.9700971001332,4.516127023002566,4.449737193989316,4.049016463900772,3.606414609900298,3.4785330949030633,3.888100862916239,1352.521756781839,2605.7935450072564,2725.305914924581,3079.5813065621865,1074.245230141281,3033.842506333215,1522.7344901939994,1854.5234462933774,1580.9694664998244,522.2467251655047,1693.6565716755151,216.05094186011917,1902.4223961570717,2313.0224660809945
R1:parametric:+0.25,9.008948978340067,2443.004471354158,3508.4605604617987,49.41240060889948,22.997834562487494,13.320220875362958,5.450582013992685,0.0,7.540111786211006,23.662329515922753,855.2380611670814,24.26597057489315,12.678289896801111,9.648749646111133,9.327778866498821,9.363495424584448,11.19861070672939,2574.6379384806855,201.95596100991142,82.18712080257292,36.32720148070029,17.814236630976787,18.259711666663126,26.85340453412578,45.74598304056407,199.91184811503757,2442.5115278297535,1602.7600329178929,38.432241743879466,16.995303645865636,16.12955486849118,28.12983615226708,51.041351173941216,9.298577973009577,1676.7601533633608,9.175559983068148,8.949748178749092,8.60532121085734,8.750840573866702,8.78911251157287,8.957411409144685,1325.5019604395113,2472.7756404255924,2574.5292513106942,3550.469317792456,1059.6516168059097,3513.0158141499724,1583.9516597442732,1965.5750594320293,1648.903142038118,517.7791370326199,1778.4131298649252,238.36879215512823,2020.0531382198008,2315.5601406262085
R1:parametric:+0.5,16.232323148500722,2562.2442162955904,3221.720775275119,53.03695276533045,27.660034147290204,20.06579500199801,12.822514986004604,7.540111786211006,0.0,27.45012597131972,789.3511145637731,30.869407200043497,18.622053191090338,16.983489827485826,15.625257678335535,14.854662992775392,15.956995986595505,2715.987111691947,157.2710745854001,68.22899190203073,35.47527872885558,24.3616453592026,22.356697470320448,29.619577356794398,42.965901457843394,155.6360831310374,2562.2861294587865,1571.047751958053,34.893074001112076,21.047699572325325,22.829142652279184,30.619899476738816,42.77459882174282,16.643065533276193,1720.3783100415187,16.48169915206035,15.746603507847748,15.64826216425867,15.885538296702792,15.909579386667847,16.16782404632515,1347.181988197239,2596.773709582053,2715.8722370863993,3268.4106367514087,1069.9670790817318,3225.242849986805,1553.2388266529756,1906.1903552385904,1614.384742800671,519.2180114072253,1734.2846421252846,185.83202668379258,1956.8120221731413,2325.147898311661
R2:open,23.588131662736703,2551.4255311627053,2653.2060377543753,48.49614280974099,31.831874952013973,27.09231923865794,21.252299736095495,23.662329515922753,27.45012597131972,0.0,851.7901160066132,42.503767547878205,30.241904456340098,25.916533726740134,21.971988464879335,19.727543037355577,16.59138767791233,2704.5202177090255,188.77947824457445,77.10063506338881,37.48271874075223,26.523964417014067,24.14413342069825,36.90686125828206,52.13225941913529,186.84241521555776,2551.441950910181,1466.1939365380301,49.70484406737266,29.793870738243854,25.67439223871837,31.77425635423144,47.49766928518656,23.498563510485123,1712.3658121954295,23.71239976048423,23.170686089282945,23.836985114540873,23.791981364182927,23.747491162539713,23.69433255097686,1340.6913531232783,2585.809852395242,2704.4053431034777,2703.6003611342435,1064.7668692076759,2655.2374787061003,1450.8816638048254,1736.4921279995929,1502.580275581128,515.5365268190785,1599.387717005286,223.3129966916778,1778.5480528698836,2297.067840202447
R2:short,922.7156806218037,1072.1430116488345,1072.8273362641387,1009.9853013325593,980.394190708843,966.9888421115731,895.5197811991003,855.2380611670814,789.3511145637731,851.7901160066132,0.0,903.7956336827671,940.5577773809252,948.1712997755242,902.9119944981065,893.8961872359232,893.769425440425,866.5755700492034,1058.0859293563212,1057.7040798536575,1022.4380945855512,962.6302441439658,829.969252572438,585.7150791779511,364.9651263560171,1080.7641256749584,784.2383765462313,796.2033389975486,512.2683242690797,866.8713796403515,957.3040957314838,1024.8931646441401,1017.0191576299623,944.198144991117,877.8798107136292,936.8715330319098,899.9836419316123,892.0137565463872,906.6848918988647,905.2239098540463,920.1561269878965,726.8489497516263,1072.1163525651316,1072.0810141124116,1110.1317388782945,745.2548209226456,1073.0806200984823,790.1373724408758,866.0593838034686,807.9094797860145,887.7703901072846,829.9558227353717,887.7104712847791,883.3764985483209,1075.2247075960215
R2:parametric:-0.5,18.91419685914717,2591.3686153903645,3031.022294004434,41.775399705890706,16.610881029052383,17.21895596235612,21.43572936186189,24.26597057489315,30.869407200043497,42.503767547878205,903.7956336827671,0.0,12.463429019661021,16.859902106144187,20.869289547435166,23.286880499915785,25.478144693154732,2746.8565188919906,190.10597967223177,81.22532305064661,42.48214663822645,25.134907632275105,20.55412964203666,24.52267032970789,42.938434556882726,188.19857154827892,2591.47915800387,1539.5449136507225,34.92642465404203,20.778021360386585,25.101101191120115,39.39492380653581,56.20697225050624,18.902810123317465,1741.9483236013173,19.100268601282444,18.474027703034242,18.973635258079824,19.019378799988385,19.031100359850107,19.258145806707816,1364.655077020017,2626.2889185381014,2746.741644286443,3079.72285703537,1083.9662837806675,3033.9844055403446,1522.501815992416,1854.307252331674,1580.7376216276116,529.1287376266741,1693.4278322513853,223.74161264651283,1902.211499673823,2377.34472618126
R2:parametric:-0.25,6.5425144978071925,2579.8135886384666,3243.1988242691036,44.911528852690594,17.196629912717622,6.90998565367259,9.188375352908729,12.678289896801111,18.622053191090338,30.241904456340098,940.5577773809252,12.463429019661021,0.0,4.396473086483166,8.405860527774145,10.823451480254764,13.371944805214506,2734.6091648830375,176.09263024320947,75.99784006967388,35.01526609640966,14.308614599892147,12.157795994254004,24.6222101753304,42.76214224809671,174.30300486490347,2579.8969027027506,1568.239626266106,34.71696901045296,12.457339504452118,14.26078035087912,27.13849446939025,48.27948631929336,6.561199682034049,1733.3904789257513,6.636839581621423,6.356070778020843,6.510206238418803,6.555949780327364,6.5852753084424505,6.794716787046795,1357.7226761787679,2614.5788390283,2734.4942902774897,3289.6183384398696,1078.4121370916625,3246.8230319431077,1550.362023026149,1905.4656939351896,1611.7640543559887,525.196683742101,1732.3330266804846,207.51638012929476,1956.4434229754345,2364.9537929546354
R2:parametric:-0.1,2.1784050340033816,2521.606879539812,2805.5747516650595,43.05218329992129,15.739207480841749,5.692817631774701,4.9761322405065265,9.648749646111133,16.983489827485826,25.916533726740134,948.1712997755242,16.859902106144187,4.396473086483166,0.0,4.009387441290979,6.4269783937715985,9.101484251946774,2666.050219303909,177.837893909055,75.89018907605688,34.69608042090777,13.15133297622454,11.008475780553272,25.042586134531668,43.66840914713998,176.0505946004272,2521.431191233103,1501.9260042487135,35.821254545228335,13.236144555437306,12.17350170733564,27.058495325626268,48.02037468167038,2.2367557908667335,1710.216466163541,2.2403664951382574,2.0814629313407242,2.1137331519356373,2.1949012677298363,2.196428160843428,2.3982437005636292,1344.9021635690103,2554.1478648259354,2665.938056867467,2855.564382613416,1071.1785736008294,2807.936369532794,1485.8796676336679,1790.6900180924736,1540.348575393513,522.5664090542103,1643.819450006086,209.728363485413,1835.111254057896,2360.5828927504194
R2:parametric:+0.1,1.809851063877491,2545.7529675471433,3308.0683617643967,40.59745950660737,13.897866675268077,5.264503149508876,4.47216562217533,9.327778866498821,15.625257678335535,21.971988464879335,902.9119944981065,20.869289547435166,8.405860527774145,4.009387441290979,0.0,2.4175909524806194,5.2070146227703615,2695.1201678876096,158.3960728396319,69.24356915092177,31.451575989339826,11.97700220099971,10.774536047843123,24.155788058201345,42.53423942675766,156.79966851378725,2545.6950746414836,1575.2607525385497,34.458154687982066,13.284465273365493,10.854879556239235,24.869392705188062,43.64894524334462,1.7625012748933793,1717.89584526351,1.7690209461527218,1.8167888445236995,1.8956542893553419,1.8499107474467813,1.8332570112194488,1.8974082746119534,1348.0489171378633,2579.3500866124928,2695.0066117802457,3353.565126475284,1072.1233512145006,3311.9188437482844,1557.1488772146065,1918.9392518108539,1619.441251768787,521.937424823243,1742.2510081629325,186.91227437134665,1970.8195523370737,2356.596826637608
R2:parametric:+0.25,4.20126264055925,2570.0379014248224,2899.3530792540323,36.65197384007815,13.196657223105854,7.477919942967387,4.957867972093833,9.363495424584448,14.854662992775392,19.727543037355577,893.8961872359232,23.286880499915785,10.823451480254764,6.4269783937715985,2.4175909524806194,0.0,2.8889704502762217,2724.247760746381,140.67202836416655,63.068232216785624,29.285446315672708,11.567452514773194,11.66284621323541,24.16586654535509,41.01040252714669,139.25239507580147,2570.0981798193343,1516.75889964685,35.30641450345694,15.139310396006087,9.943287748107782,22.828446343692747,40.19773330933589,4.156462494941202,1726.1504426569004,4.186611898633341,4.167366922053366,4.313245241835961,4.267501699927401,4.2228885895627055,4.028734693207969,1351.8577843253133,2604.6719753755683,2724.1328861408333,2948.9665006276746,1073.7132643035497,2901.9602764835063,1500.28481153267,1816.6279949104394,1556.3663090298915,521.8701203590722,1663.7701606067474,170.08772979884418,1862.5493891421897,2354.193298040925
R2:parametric:+0.5,6.921387422973426,2538.5848313540414,3134.4999664036063,38.46860014656671,15.78148304502682,10.25808437072322,6.362577369429205,11.19861070672939,15.956995986595505,16.59138767791233,893.769425440425,25.478144693154732,13.371944805214506,9.101484251946774,5.2070146227703615,2.8889704502762217,0.0,2687.224132269332,162.44191422341052,70.58943470479196,32.109533677730305,13.749036196058261,13.670063418580888,26.21522996430104,43.131105469102046,160.76748707328574,2538.5048890452326,1551.5717443258168,37.589236068776444,17.43655070629678,10.583729753652698,24.68828881323878,44.54048857971666,6.87188254996838,1713.4563591112951,6.92533155997072,6.837967124251307,7.048335314625292,7.003902882663445,6.957085544324715,6.806056333610019,1344.7114605526872,2572.023016740917,2687.1106970355745,3182.239435280931,1069.5812815031732,3137.787082068529,1534.1140352060859,1877.5112640900768,1593.9189743998418,520.246532583759,1710.5112699279857,191.73018942820931,1926.9706420237585,2284.6236821820526
R3:open,2668.0735081149924,3102.978457535633,848.4606794424225,2714.202229497383,2586.6012658389986,2716.1012522296182,2725.420789530129,2574.6379384806855,2715.987111691947,2704.5202177090255,866.5755700492034,2746.8565188919906,2734.6091648830375,2666.050219303909,2695.1201678876096,2724.247760746381,2687.224132269332,0.0,2656.7708374731433,2736.8788391831777,2706.6198480134294,2651.367148091392,2676.994326870663,2644.4917351646077,2163.9302307964876,2680.5541394900783,52.14331595656534,221.86648048411044,2685.2717066333907,2643.8357893908483,2730.1946099477436,2599.7204023654685,2734.242491060054,2684.2546788906516,2678.785523746939,2457.284159566988,2554.6951757673137,2673.099700433531,2543.8360029610226,2728.267708871565,2728.2145502600024,1808.290296763806,3097.7240120120046,3102.919768682111,2659.8695339133305,1863.178731962734,895.9250513941183,2512.330791778695,365.9502346746399,380.9431549812116,2158.5663746978894,2292.8757689245945,2632.222991337185,1653.2073833937213,2357.0610303499143
R3:short,168.7658928173679,2893.4629640865505,4531.74886861006,151.22924758307443,151.10395346625276,189.75558219330782,183.1107334526366,201.95596100991142,157.2710745854001,188.77947824457445,1058.0859293563212,190.10597967223177,176.09263024320947,177.837893909055,158.3960728396319,140.67202836416655,162.44191422341052,2656.7708374731433,0.0,148.51989467473766,170.65532777164802,175.32295138470815,165.32764158875753,159.09186553496764,156.69778642161313,28.440661913288547,2514.7162496453393,1717.4166502080327,188.8662818299844,190.6212681788873,178.60988518474252,171.45399364154775,173.5677049330137,166.79983644402967,1711.9050742961172,167.0140175465227,156.49880858110845,166.3166891051615,166.95119009503057,152.36975429873644,176.32397360002147,1348.3001792051266,4376.72462491383,4368.12190307123,4540.480424058825,1074.951800878294,4541.114353848003,1695.8371415333586,2159.3458031745117,1771.4490988967736,692.1902616653501,1928.3910450947321,364.63056120664345,2224.67060005175,2359.9163232951328
R3:parametric:-0.5,72.78208146162214,2581.9549611534635,4297.703235068087,85.42909690632075,67.88480461511901,80.07722067441149,77.40597138294538,82.18712080257292,68.22899190203073,77.10063506338881,1057.7040798536575,81.22532305064661,75.99784006967388,75.89018907605688,69.24356915092177,63.068232216785624,70.58943470479196,2736.8788391831777,148.51989467473766,0.0,45.2848720391619,64.741214188485,79.73095322002403,87.15182043149825,97.43204150418268,145.53472659061583,2582.043321200607,1687.082985094774,105.3621937499524,89.93926651139091,66.97489423906637,51.97125082205695,33.30545222834677,72.43187441022526,1734.9764149663458,72.5419458696134,68.77308452900743,71.94880285449344,72.6956302351187,67.25123761985994,75.58446070407187,1359.0073856773379,2616.7489458527257,2736.7639645776294,4316.01746349091,1079.4414291322146,4305.85640097551,1666.0834856168544,2112.47258614022,1739.4509465977758,525.9253702520243,1890.6041229587686,293.22101001936005,2175.613264063318,2359.0872684452315
R3:parametric:-0.25,33.34952715199405,2556.0998735262538,3928.723869726915,70.50112721612031,41.923778437813944,36.43484067029539,34.88463802169968,36.32720148070029,35.47527872885558,37.48271874075223,1022.4380945855512,42.48214663822645,35.01526609640966,34.69608042090777,31.451575989339826,29.285446315672708,32.109533677730305,2706.6198480134294,170.65532777164802,45.2848720391619,0.0,21.853741617261495,42.465603290991965,54.68566225021948,69.15043923552824,168.35696397734253,2556.075709888742,1649.992513893265,67.79688544934523,47.736179039688224,23.446887546441474,9.402080359479386,14.813578706483241,33.167677060171044,1724.012591947178,33.244379584843585,31.585422999350754,32.41967361243451,33.45433585598657,30.654133652207413,34.44335364927841,1352.5439319577044,2589.9478251711794,2706.5060791094234,3960.11484702718,1075.4904463714558,3935.0388289860052,1629.9276683572616,2048.340109084932,1699.6950413801587,524.1286489199478,1841.5231838388302,254.2732620300943,2107.7289098524375,2358.821192352805
R3:parametric:-0.1,12.549691644341534,2509.144215150925,4012.2211914269656,52.79762226787199,25.329048376383373,16.105588427812084,12.754733635075764,17.814236630976787,24.3616453592026,26.523964417014067,962.6302441439658,25.134907632275105,14.308614599892147,13.15133297622454,11.97700220099971,11.567452514773194,13.749036196058261,2651.367148091392,175.32295138470815,64.741214188485,21.853741617261495,0.0,23.356891784716844,36.5095476111927,53.9639493688979,173.36521631433624,2508.914022261769,1650.4258613740226,48.59230810366253,26.725060496798157,2.485575474177452,14.556410445477932,35.43451156811888,12.400698561956366,1705.382841049055,12.461569875359277,12.127076295699373,12.416163733691217,12.689222011117796,11.799493995037016,12.875707499836672,1342.328775180236,2541.2069602779366,2651.2555921643943,4040.6575672723666,1069.809797413808,4019.0044613280556,1630.178125064279,2054.4441667263272,1700.6441351891956,522.1723371072113,1844.334108765008,210.23572741252087,2114.728613560593,2252.8334852750804
R3:parametric:+0.1,10.97789882655639,2530.4097201243203,2755.552566508681,29.127395788009057,18.381687300054455,13.363854405928551,13.358587883903166,18.259711666663126,22.356697470320448,24.14413342069825,829.969252572438,20.55412964203666,12.157795994254004,11.008475780553272,10.774536047843123,11.66284621323541,13.670063418580888,2676.994326870663,165.32764158875753,79.73095322002403,42.465603290991965,23.356891784716844,0.0,13.995083696232532,33.30996774522738,163.81099008376395,2530.2829157080123,1487.9067926031935,23.433525476322735,2.2293192588606137,22.28700118043286,36.188385000445166,54.77438869027972,10.845353488538219,1711.9739345034461,10.878287745356563,10.477590266818307,10.933940877131096,10.562779605405849,10.470705942962196,10.924807397562429,1344.8832863628063,2563.4089131300634,2676.881514347418,2805.773437409331,1070.4215882170572,2757.812793818595,1472.09588254728,1770.7803254514909,1525.6721762159368,521.4187032460807,1626.9954059617396,192.4218256861091,1814.4767996105134,2358.174035527836
R3:parametric:+0.25,24.76969357369841,2502.488895403439,1715.9466595681547,30.770893264208087,24.63070360291457,25.44041868375238,25.876773773370353,26.85340453412578,29.619577356794398,36.90686125828206,585.7150791779511,24.52267032970789,24.6222101753304,25.042586134531668,24.155788058201345,24.16586654535509,26.21522996430104,2644.4917351646077,159.09186553496764,87.15182043149825,54.68566225021948,36.5095476111927,13.995083696232532,0.0,19.318778304508296,157.77188207606403,2502.246548286729,1199.3682221777174,9.61582314712697,13.566614202909262,35.66406892873424,48.06410229785216,65.47897175822176,24.784303807170453,1699.9283773348234,24.748080952059972,23.900840192431165,24.31910382650616,24.530631010861516,23.501292069601824,25.207263664519147,1337.74658965476,2534.500035093767,2644.380115946449,1758.3573790774283,1066.0530459083436,1716.5238771095107,1189.8324358735595,1337.724601336115,1220.2269118482236,519.4441167099558,1268.7370750526977,182.05674889461716,1652.8231554827528,2357.889107068104
R3:parametric:+0.5,43.23711674540471,2277.228248844579,345.1198591315861,39.28333653616266,40.726622443935334,43.85230530394825,43.95122330588135,45.74598304056407,42.965901457843394,52.13225941913529,364.9651263560171,42.938434556882726,42.76214224809671,43.66840914713998,42.53423942675766,41.01040252714669,43.131105469102046,2163.9302307964876,156.69778642161313,97.43204150418268,69.15043923552824,53.9639493688979,33.30996774522738,19.318778304508296,0.0,155.63335290362772,2081.795488710522,316.7442246918029,13.489493152301154,33.648379122813154,53.153390535294605,64.30948722797383,78.79134149146394,42.85032657883833,1518.8495163628384,42.96751056186972,42.16673261203974,43.08136281028658,42.600236985623376,41.92306920905829,43.170561528640896,1236.4897341248038,2277.1422250375813,2277.028194552878,355.3549263053008,1010.3814781018092,345.1321023287757,315.76421850564975,319.78194119177334,317.8255160411165,503.2380671645344,317.11325597997853,175.74242707087686,1641.82751415432,2258.195332189882
R4:open,167.06664642327232,2916.411801349352,4615.222489300109,157.83624566989636,149.5633626354104,187.83273502251842,181.23937085645582,199.91184811503757,155.6360831310374,186.84241521555776,1080.7641256749584,188.19857154827892,174.30300486490347,176.0505946004272,156.79966851378725,139.25239507580147,160.76748707328574,2680.5541394900783,28.440661913288547,145.53472659061583,168.35696397734253,173.36521631433624,163.81099008376395,157.77188207606403,155.63335290362772,0.0,2534.943952971102,1712.6309742406052,187.42950619453399,188.89040201571186,176.61430768306215,169.30651005909868,170.96602353927943,165.0901005803891,1742.2653112474557,165.30292162675212,154.92478082632192,164.6417051260158,165.24391855644862,150.83549235009494,174.523232580755,1352.257028412269,4353.775787651028,4345.218415934964,4619.132062853968,1076.970699581975,4625.237913035508,1690.949180797736,2158.2502520328358,1766.9519296430162,746.6773067684973,1925.014999675895,393.6672665219034,2224.2508425920278,2297.8320990377506
R4:short,2522.93646383832,2377.895947089814,843.4389783818323,2564.55119895879,2454.271657391532,2563.979472419821,2571.2075066861007,2442.5115278297535,2562.2861294587865,2551.441950910181,784.2383765462313,2591.47915800387,2579.8969027027506,2521.431191233103,2545.6950746414836,2570.0981798193343,2538.5048890452326,52.14331595656534,2514.7162496453393,2582.043321200607,2556.075709888742,2508.914022261769,2530.2829157080123,2502.246548286729,2081.795488710522,2534.943952971102,0.0,221.17151013628,2536.6197694458624,2502.048029362507,2575.722082389399,2464.973760857192,2579.5501412858007,2536.6622292489265,1916.8589639929971,2341.719224728353,2425.992417539455,2527.2129105652584,2416.62642768267,2573.8998226434987,2573.8495508370233,1493.3299386219066,2377.8061004241645,2377.6870024768577,2524.8921957450098,1612.9006106910106,890.2209725465283,2391.97121504851,365.0588913475866,379.99646911026946,1687.9004624877898,2172.1356222879926,2490.619063640563,1653.27791248582,2356.8807462870354
R4:parametric:-0.5,1555.0958063083494,2860.6546329237744,242.36876678975207,1454.564118775834,1512.8238596594724,1559.4278199776484,1539.777302284215,1602.7600329178929,1571.047751958053,1466.1939365380301,796.2033389975486,1539.5449136507225,1568.239626266106,1501.9260042487135,1575.2607525385497,1516.75889964685,1551.5717443258168,221.86648048411044,1717.4166502080327,1687.082985094774,1649.992513893265,1650.4258613740226,1487.9067926031935,1199.3682221777174,316.7442246918029,1712.6309742406052,221.17151013628,0.0,1003.6058009254173,1453.875870166635,1580.2280970471868,1664.469264462374,1657.7364222546958,1526.2253940972107,2493.014173661163,1547.0103708458296,1515.989569275307,1519.2076379719115,1521.0160822536602,1532.3666483084708,1594.6020102582768,1739.9388634937643,2856.4911249329734,2860.6002486642446,1866.9288182369203,1783.1346179712202,242.3711951406483,25.96537423896504,75.9759695623799,77.40506226006721,1985.5114203022085,15.85763052456235,1814.8204512975608,1653.1710546300412,2357.153892698213
R4:parametric:-0.25,35.29546695059779,2536.7033491632437,1294.6462927439056,33.834138467555135,32.3294242102748,36.04986469762764,36.16665685950654,38.432241743879466,34.893074001112076,49.70484406737266,512.2683242690797,34.92642465404203,34.71696901045296,35.821254545228335,34.458154687982066,35.30641450345694,37.589236068776444,2685.2717066333907,188.8662818299844,105.3621937499524,67.79688544934523,48.59230810366253,23.433525476322735,9.61582314712697,13.489493152301154,187.42950619453399,2536.6197694458624,1003.6058009254173,0.0,23.598151819092614,47.59478963628555,61.71627125030876,80.61617262457635,34.831474777868166,1711.942385723122,34.97124323652182,34.08790904487329,35.10799270980086,34.52932737506602,33.741321285009384,35.21482114334143,1343.4486936457465,2570.1250724739025,2685.158256051475,1329.1072247539075,1068.5509005812673,1294.908571121123,997.1709907390097,1082.358883936821,1016.5589093790251,519.5020330824731,1042.7036795375654,214.52737642030095,1652.9758679089373,2357.6528223462974
R4:parametric:-0.1,13.129268848514664,2502.298720338308,2577.4710549713086,28.968112126287263,19.918513067679967,14.503827625830489,14.009519012069797,16.995303645865636,21.047699572325325,29.793870738243854,866.8713796403515,20.778021360386585,12.457339504452118,13.236144555437306,13.284465273365493,15.139310396006087,17.43655070629678,2643.8357893908483,190.6212681788873,89.93926651139091,47.736179039688224,26.725060496798157,2.2293192588606137,13.566614202909262,33.648379122813154,188.89040201571186,2502.048029362507,1453.875870166635,23.598151819092614,0.0,25.57682039504452,40.89166284017922,61.73505818096418,12.938582431267385,1701.1461870035357,12.98936281847906,13.065142504197858,13.060960819389502,12.632418271949131,12.437367663762371,13.446487551852984,1339.1508517598315,2534.211356996904,2643.7243542072697,2627.740553646013,1067.3946842141004,2579.3267644286566,1438.953861465519,1714.354967722007,1489.192435515915,520.5729914589273,1582.5056496297755,221.50094915917066,1755.0808895428495,2245.8759356453374
R4:parametric:+0.1,11.38732799103708,2575.648582847195,3316.5969442619867,49.74057316426512,22.60917942524113,12.633813137000226,11.578918067064373,16.12955486849118,22.829142652279184,25.67439223871837,957.3040957314838,25.101101191120115,14.26078035087912,12.17350170733564,10.854879556239235,9.943287748107782,10.583729753652698,2730.1946099477436,178.60988518474252,66.97489423906637,23.446887546441474,2.485575474177452,22.28700118043286,35.66406892873424,53.153390535294605,176.61430768306215,2575.722082389399,1580.2280970471868,47.59478963628555,25.57682039504452,0.0,15.45225258856774,37.254400288694285,11.279349271417347,1730.3058064797372,11.340096048527814,11.014617102699344,11.262994077546574,11.570605617505866,10.703633714151565,11.724649309294579,1355.2238944562177,2610.3579445187684,2730.079735342196,3361.972959236376,1076.4101466487173,3320.453397140532,1562.0757680381464,1924.8594900658818,1624.5254834049301,523.7793761449419,1747.7101083891494,213.77850722571844,1976.821494001998,2317.7203571863715
R4:parametric:+0.25,25.999912414227012,2465.3938911194045,4160.443111460787,59.96713144447006,31.930553103855555,28.107083668396253,26.762076367588975,28.12983615226708,30.619899476738816,31.77425635423144,1024.8931646441401,39.39492380653581,27.13849446939025,27.058495325626268,24.869392705188062,22.828446343692747,24.68828881323878,2599.7204023654685,171.45399364154775,51.97125082205695,9.402080359479386,14.556410445477932,36.188385000445166,48.06410229785216,64.30948722797383,169.30651005909868,2464.973760857192,1664.469264462374,61.71627125030876,40.89166284017922,15.45225258856774,0.0,21.34713479856991,25.60107506530403,1689.08625910685,25.671119433301474,24.90336558141352,25.7377532789725,25.887192330821875,24.34453800022099,26.550067068296762,1334.1416592261548,2495.7527090475287,2599.6110913831594,4183.617992271834,1065.866366005615,4167.972672234683,1643.8507741947012,2079.256465061475,1715.7441578970015,521.5730652534247,1863.1368557946287,251.0535777556142,2141.0478168953314,2358.6903051158656
R4:parametric:+0.5,46.09961279492617,2579.467642417699,4020.601896936511,69.03913866952415,43.67696290155852,50.55435241693269,48.62531172949463,51.041351173941216,42.77459882174282,47.49766928518656,1017.0191576299623,56.20697225050624,48.27948631929336,48.02037468167038,43.64894524334462,40.19773330933589,44.54048857971666,2734.242491060054,173.5677049330137,33.30545222834677,14.813578706483241,35.43451156811888,54.77438869027972,65.47897175822176,78.79134149146394,170.96602353927943,2579.5501412858007,1657.7364222546958,80.61617262457635,61.73505818096418,37.254400288694285,21.34713479856991,0.0,45.861962988555966,1733.1342654104567,45.950428736207776,43.48386336729954,45.2518151457923,46.146410775422304,42.536128544753915,47.746421428659474,1357.515126865091,2614.228250679326,2734.127616454506,4049.000544144862,1078.2458513618321,4027.365278082907,1637.4348449021159,2062.9801822008935,1708.1116677965251,525.0789618873247,1852.3000038550003,251.93703857456043,2123.3491830531048,2359.04230736449
C1:open,1.0132532955349975,2536.764967040348,2953.456304961005,37.00156747054982,12.834994465494127,4.575880811033565,4.472353897261602,9.298577973009577,16.643065533276193,23.498563510485123,944.198144991117,18.902810123317465,6.561199682034049,2.2367557908667335,1.7625012748933793,4.156462494941202,6.87188254996838,2684.2546788906516,166.79983644402967,72.43187441022526,33.167677060171044,12.400698561956366,10.845353488538219,24.784303807170453,42.85032657883833,165.0901005803891,2536.6622292489265,1526.2253940972107,34.831474777868166,12.938582431267385,11.279349271417347,25.60107506530403,45.861962988555966,0.0,1715.1416383438693,0.37984036321760695,0.4498744227792285,0.7577103014637602,0.990694060119437,1.4853980651644652,2.1474124028678956,1346.9866348847465,2569.9598282011,2684.141654275635,3002.741870346294,1071.8697922885774,2956.206268911947,1509.513232467258,1832.299300448002,1566.4952400428645,522.2484343053427,1676.1033511039914,196.74070936449635,1879.0465224816087,2335.579021638398
C1:short,1710.0216101696976,402.12631636259624,4689.219556453373,1734.370294868244,1686.929263833698,1726.535950088893,1726.9700971001332,1676.7601533633608,1720.3783100415187,1712.3658121954295,877.8798107136292,1741.9483236013173,1733.3904789257513,1710.216466163541,1717.89584526351,1726.1504426569004,1713.4563591112951,2678.785523746939,1711.9050742961172,1734.9764149663458,1724.012591947178,1705.382841049055,1711.9739345034461,1699.9283773348234,1518.8495163628384,1742.2653112474557,1916.8589639929971,2493.014173661163,1711.942385723122,1701.1461870035357,1730.3058064797372,1689.08625910685,1733.1342654104567,1715.1416383438693,0.0,1638.3715553119598,1672.556139821024,1711.6571039456546,1668.7719582947682,1728.9593833990405,1728.9222387929,358.9856670622842,3617.064983068993,3614.901569869846,5127.131863569593,358.78803642112246,4445.7053805693,2219.462747301165,2348.3569149389537,2357.684585714137,1211.8031964571237,2670.628205385287,1691.2676455448707,2481.8449984607105,409.3618199228641
C1:parametric:-0.5,0.7047463812844699,2379.37938725418,3092.172124296412,40.67265201675792,13.890212471756698,4.690840786828905,4.516127023002566,9.175559983068148,16.48169915206035,23.71239976048423,936.8715330319098,19.100268601282444,6.636839581621423,2.2403664951382574,1.7690209461527218,4.186611898633341,6.92533155997072,2457.284159566988,167.0140175465227,72.5419458696134,33.244379584843585,12.461569875359277,10.878287745356563,24.748080952059972,42.96751056186972,165.30292162675212,2341.719224728353,1547.0103708458296,34.97124323652182,12.98936281847906,11.340096048527814,25.671119433301474,45.950428736207776,0.37984036321760695,1638.3715553119598,0.0,0.14047611975714874,0.42147677188723137,0.6880496163319625,1.2366149752591793,1.955799073107964,1306.2964393724694,2379.2895405885306,2457.180693527261,3140.336915252795,1050.675090433408,3095.322335020264,1529.7187815651623,1868.4435237631171,1588.894850231839,516.9868463332253,1703.9185589603678,196.98029083873527,1917.2715463164075,2358.3555577529132
C1:parametric:-0.25,0.6307090649639588,2426.5633581194666,2890.3616925366323,40.81487320042357,13.994224654839062,4.334449318738921,4.449737193989316,8.949748178749092,15.746603507847748,23.170686089282945,899.9836419316123,18.474027703034242,6.356070778020843,2.0814629313407242,1.8167888445236995,4.167366922053366,6.837967124251307,2554.6951757673137,156.49880858110845,68.77308452900743,31.585422999350754,12.127076295699373,10.477590266818307,23.900840192431165,42.16673261203974,154.92478082632192,2425.992417539455,1515.989569275307,34.08790904487329,13.065142504197858,11.014617102699344,24.90336558141352,43.48386336729954,0.4498744227792285,1672.556139821024,0.14047611975714874,0.0,0.34646901748163783,0.6166756753858842,1.1696724216405385,1.889813308344112,1324.6610838255363,2455.578321552676,2554.587610987151,2940.010904272436,1060.3396706559472,2892.941917067964,1499.5552784260885,1814.8001431805149,1555.4872484606337,519.4243988817767,1662.5229815193914,184.6185022941017,1860.570807268612,2293.8082729226376
C1:parametric:-0.1,0.28213357065574046,2527.3584861226122,2909.9145958300824,40.609933247798786,14.132654803468121,4.510752409337297,4.049016463900772,8.60532121085734,15.64826216425867,23.836985114540873,892.0137565463872,18.973635258079824,6.510206238418803,2.1137331519356373,1.8956542893553419,4.313245241835961,7.048335314625292,2673.099700433531,166.3166891051615,71.94880285449344,32.41967361243451,12.416163733691217,10.933940877131096,24.31910382650616,43.08136281028658,164.6417051260158,2527.2129105652584,1519.2076379719115,35.10799270980086,13.060960819389502,11.262994077546574,25.7377532789725,45.2518151457923,0.7577103014637602,1711.6571039456546,0.42147677188723137,0.34646901748163783,0.0,0.28116402306103877,0.8444600882790811,1.5548498972191498,1345.213736761131,2560.177593498305,2672.987152538493,2959.4607902965017,1070.98788450804,2912.546658246484,1502.6862639475482,1820.2877117595863,1558.9471490131546,522.0678935628499,1666.7873365806884,196.22330951268825,1866.3631170477693,2358.481454510332
C1:parametric:+0.1,0.25274184119542026,2417.2337326157913,2921.4401978702067,39.3625856405495,13.82134866488795,4.605390290849932,3.606414609900298,8.750840573866702,15.885538296702792,23.791981364182927,906.6848918988647,19.019378799988385,6.555949780327364,2.1949012677298363,1.8499107474467813,4.267501699927401,7.003902882663445,2543.8360029610226,166.95119009503057,72.6956302351187,33.45433585598657,12.689222011117796,10.562779605405849,24.530631010861516,42.600236985623376,165.24391855644862,2416.62642768267,1521.0160822536602,34.52932737506602,12.632418271949131,11.570605617505866,25.887192330821875,46.146410775422304,0.990694060119437,1668.7719582947682,0.6880496163319625,0.6166756753858842,0.28116402306103877,0.0,0.557106647541161,1.241745240958236,1322.6105950723684,2445.9165334644463,2543.728887869454,2970.9225641157386,1059.2384658713388,2924.103451787107,1504.4438296701394,1823.427151125031,1560.8968791786997,519.1102180517331,1669.207870624981,196.84853276472967,1869.682278491374,2358.4359770440224
C1:parametric:+0.25,0.5831885474870228,2573.830607024235,2992.919929528438,38.148897069986845,13.71096743830307,4.955195240985657,3.4785330949030633,8.78911251157287,15.909579386667847,23.747491162539713,905.2239098540463,19.031100359850107,6.5852753084424505,2.196428160843428,1.8332570112194488,4.2228885895627055,6.957085544324715,2728.267708871565,152.36975429873644,67.25123761985994,30.654133652207413,11.799493995037016,10.470705942962196,23.501292069601824,41.92306920905829,150.83549235009494,2573.8998226434987,1532.3666483084708,33.741321285009384,12.437367663762371,10.703633714151565,24.34453800022099,42.536128544753915,1.4853980651644652,1728.9593833990405,1.2366149752591793,1.1696724216405385,0.8444600882790811,0.557106647541161,0.0,0.6541739570851007,1354.133205754663,2608.515573930552,2728.152834266017,3041.932232811499,1075.536301471671,2995.779952048142,1515.4852953055577,1842.8955988110447,1573.1073352337175,523.1607381227016,1684.289586101201,179.78494627216926,1890.2442089202586,2355.105002022672
C1:parametric:+0.5,1.2894477299910796,2573.780453400991,3470.751665414181,40.08294885138847,14.467115307208038,5.676769134302507,3.888100862916239,8.957411409144685,16.16782404632515,23.69433255097686,920.1561269878965,19.258145806707816,6.794716787046795,2.3982437005636292,1.8974082746119534,4.028734693207969,6.806056333610019,2728.2145502600024,176.32397360002147,75.58446070407187,34.44335364927841,12.875707499836672,10.924807397562429,25.207263664519147,43.170561528640896,174.523232580755,2573.8495508370233,1594.6020102582768,35.21482114334143,13.446487551852984,11.724649309294579,26.550067068296762,47.746421428659474,2.1474124028678956,1728.9222387929,1.955799073107964,1.889813308344112,1.5548498972191498,1.241745240958236,0.6541739570851007,0.0,1354.1031162509835,2608.464747313833,2728.0996756544546,3513.461174145821,1075.5121941643959,3475.1896926460963,1575.929893045625,1953.7812528991585,1640.3580810016526,523.1436713730232,1768.5626555906906,207.9495466744316,2007.804982056522,2358.198598868858
Q1:open:collector,1344.3485320652394,258.63926305752835,2306.5911745307308,1362.155562426705,1334.2186750256417,1353.6083743055906,1352.521756781839,1325.5019604395113,1347.181988197239,1340.6913531232783,726.8489497516263,1364.655077020017,1357.7226761787679,1344.9021635690103,1348.0489171378633,1351.8577843253133,1344.7114605526872,1808.290296763806,1348.3001792051266,1359.0073856773379,1352.5439319577044,1342.328775180236,1344.8832863628063,1337.74658965476,1236.4897341248038,1352.257028412269,1493.3299386219066,1739.9388634937643,1343.4486936457465,1339.1508517598315,1355.2238944562177,1334.1416592261548,1357.515126865091,1346.9866348847465,358.9856670622842,1306.2964393724694,1324.6610838255363,1345.213736761131,1322.6105950723684,1354.133205754663,1354.1031162509835,0.0,2002.6734627488602,2002.3039865307614,2469.9393167931316,97.10540296731538,2274.3487660357705,1634.2777426324753,1687.2770070411714,1690.924850266923,684.7284628545506,1800.1770998530808,1330.7058642110273,1742.3154760956807,235.76653959550467
Q1:open:base,2555.7546921596377,7270.187589000379,6301.970051866577,2598.2469372125447,2484.5727961433145,2598.158591297374,2605.7935450072564,2472.7756404255924,2596.773709582053,2585.809852395242,1072.1163525651316,2626.2889185381014,2614.5788390283,2554.1478648259354,2579.3500866124928,2604.6719753755683,2572.023016740917,3097.7240120120046,4376.72462491383,2616.7489458527257,2589.9478251711794,2541.2069602779366,2563.4089131300634,2534.500035093767,2277.1422250375813,4353.775787651028,2377.8061004241645,2856.4911249329734,2570.1250724739025,2534.211356996904,2610.3579445187684,2495.7527090475287,2614.228250679326,2569.9598282011,3617.064983068993,2379.2895405885306,2455.578321552676,2560.177593498305,2445.9165334644463,2608.515573930552,2608.464747313833,2002.6734627488602,0.0,0.16509448266903898,6987.256911610433,2463.951404837257,5808.355104945855,2508.250478497155,2669.8801192893475,2681.716760762681,4801.70495426671,3090.7103120306856,4240.8100913836615,2837.8608966008587,3069.1294251712757
Q1:open:emitter,2667.96116869391,7255.866977835183,6341.423627963962,2714.0890035236193,2586.492751905872,2715.9870364665157,2725.305914924581,2574.5292513106942,2715.8722370863993,2704.4053431034777,1072.0810141124116,2746.741644286443,2734.4942902774897,2665.938056867467,2695.0066117802457,2724.1328861408333,2687.1106970355745,3102.919768682111,4368.12190307123,2736.7639645776294,2706.5060791094234,2651.2555921643943,2676.881514347418,2644.380115946449,2277.028194552878,4345.218415934964,2377.6870024768577,2860.6002486642446,2685.158256051475,2643.7243542072697,2730.079735342196,2599.6110913831594,2734.127616454506,2684.141654275635,3614.901569869846,2457.180693527261,2554.587610987151,2672.987152538493,2543.728887869454,2728.152834266017,2728.0996756544546,2002.3039865307614,0.16509448266903898,0.0,7035.403712030203,2463.334558797855,5839.191350224805,2512.2262079172706,2673.2201440392323,2685.101608306472,4793.379926569477,3095.9245301400188,4234.273725876206,2841.8355652360224,3067.7599431855847
Q1:short:collector-emitter,3197.7524088438204,7035.522461051381,4239.605094285235,2698.0870415609565,2959.027355577867,3246.062189926777,3079.5813065621865,3550.469317792456,3268.4106367514087,2703.6003611342435,1110.1317388782945,3079.72285703537,3289.6183384398696,2855.564382613416,3353.565126475284,2948.9665006276746,3182.239435280931,2659.8695339133305,4540.480424058825,4316.01746349091,3960.11484702718,4040.6575672723666,2805.773437409331,1758.3573790774283,355.3549263053008,4619.132062853968,2524.8921957450098,1866.9288182369203,1329.1072247539075,2627.740553646013,3361.972959236376,4183.617992271834,4049.000544144862,3002.741870346294,5127.131863569593,3140.336915252795,2940.010904272436,2959.4607902965017,2970.9225641157386,3041.932232811499,3513.461174145821,2469.9393167931316,6987.256911610433,7035.403712030203,0.0,2153.534630258795,4343.391139083747,1659.801406974687,1891.5591786117827,2007.0919654249612,5124.63131740888,1962.2640895729696,4582.454838109803,1847.3852744318274,4462.588352237849
Q1:short:base-emitter,1070.53103464754,229.2935184499496,2376.9614704587857,1083.815761519699,1066.8915109436516,1075.8448175515707,1074.245230141281,1059.6516168059097,1069.9670790817318,1064.7668692076759,745.2548209226456,1083.9662837806675,1078.4121370916625,1071.1785736008294,1072.1233512145006,1073.7132643035497,1069.5812815031732,1863.178731962734,1074.951800878294,1079.4414291322146,1075.4904463714558,1069.809797413808,1070.4215882170572,1066.0530459083436,1010.3814781018092,1076.970699581975,1612.9006106910106,1783.1346179712202,1068.5509005812673,1067.3946842141004,1076.4101466487173,1065.866366005615,1078.2458513618321,1071.8697922885774,358.78803642112246,1050.675090433408,1060.3396706559472,1070.98788450804,1059.2384658713388,1075.536301471671,1075.5121941643959,97.10540296731538,2463.951404837257,2463.334558797855,2153.534630258795,0.0,2386.4827097906373,1682.3475013378547,1794.9218582736962,1843.1002438067096,616.3036202690067,1823.871595028163,1060.3979245111645,1778.3993600520444,226.5964224474467
Q1:short:collector-base,3153.5206043306466,6301.200016074019,0.11639359052011343,2649.503857098242,2912.0481629306955,3202.564966433838,3033.842506333215,3513.0158141499724,3225.242849986805,2655.2374787061003,1073.0806200984823,3033.9844055403446,3246.8230319431077,2807.936369532794,3311.9188437482844,2901.9602764835063,3137.787082068529,895.9250513941183,4541.114353848003,4305.85640097551,3935.0388289860052,4019.0044613280556,2757.812793818595,1716.5238771095107,345.1321023287757,4625.237913035508,890.2209725465283,242.3711951406483,1294.908571121123,2579.3267644286566,3320.453397140532,4167.972672234683,4027.365278082907,2956.206268911947,4445.7053805693,3095.322335020264,2892.941917067964,2912.546658246484,2924.103451787107,2995.779952048142,3475.1896926460963,2274.3487660357705,5808.355104945855,5839.191350224805,4343.391139083747,2386.4827097906373,0.0,205.56927555914203,241.26949360773708,218.24723489977325,4763.759374482149,243.36581886604836,4586.456076789894,876.5661477982653,4459.067932252906
Q2:open:collector,1537.5742318660466,2511.068815258709,205.5672056590737,1439.2719659167135,1496.308551084517,1541.722483563192,1522.7344901939994,1583.9516597442732,1553.2388266529756,1450.8816638048254,790.1373724408758,1522.501815992416,1550.362023026149,1485.8796676336679,1557.1488772146065,1500.28481153267,1534.1140352060859,2512.330791778695,1695.8371415333586,1666.0834856168544,1629.9276683572616,1630.178125064279,1472.09588254728,1189.8324358735595,315.76421850564975,1690.949180797736,2391.97121504851,25.96537423896504,997.1709907390097,1438.953861465519,1562.0757680381464,1643.8507741947012,1637.4348449021159,1509.513232467258,2219.462747301165,1529.7187815651623,1499.5552784260885,1502.6862639475482,1504.4438296701394,1515.4852953055577,1575.929893045625,1634.2777426324753,2508.250478497155,2512.2262079172706,1659.801406974687,1682.3475013378547,205.56927555914203,0.0,85.02167255745692,88.64143932384609,1743.2134901898723,318.7149160607991,1687.6223642832315,1640.8084163147028,2296.1144921992
Q2:open:base,1882.704890596732,2823.4704396186485,241.26706473855117,1724.6178283287277,1813.9424377152145,1892.0886067836914,1854.5234462933774,1965.5750594320293,1906.1903552385904,1736.4921279995929,866.0593838034686,1854.307252331674,1905.4656939351896,1790.6900180924736,1918.9392518108539,1816.6279949104394,1877.5112640900768,365.9502346746399,2159.3458031745117,2112.47258614022,2048.340109084932,2054.4441667263272,1770.7803254514909,1337.724601336115,319.78194119177334,2158.2502520328358,365.0588913475866,75.9759695623799,1082.358883936821,1714.354967722007,1924.8594900658818,2079.256465061475,2062.9801822008935,1832.299300448002,2348.3569149389537,1868.4435237631171,1814.8001431805149,1820.2877117595863,1823.427151125031,1842.8955988110447,1953.7812528991585,1687.2770070411714,2669.8801192893475,2673.2201440392323,1891.5591786117827,1794.9218582736962,241.26949360773708,85.02167255745692,0.0,0.1709453657014267,2189.3190704948684,122.01861968791751,2152.4520319045264,1653.1728021912986,2355.3949347486982
Q2:open:emitter,1597.6228580770307,2995.8255637059206,218.24503935997225,1490.8818724236671,1552.5397875064643,1602.4669683435895,1580.9694664998244,1648.903142038118,1614.384742800671,1502.580275581128,807.9094797860145,1580.7376216276116,1611.7640543559887,1540.348575393513,1619.441251768787,1556.3663090298915,1593.9189743998418,380.9431549812116,1771.4490988967736,1739.4509465977758,1699.6950413801587,1700.6441351891956,1525.6721762159368,1220.2269118482236,317.8255160411165,1766.9519296430162,379.99646911026946,77.40506226006721,1016.5589093790251,1489.192435515915,1624.5254834049301,1715.7441578970015,1708.1116677965251,1566.4952400428645,2357.684585714137,1588.894850231839,1555.4872484606337,1558.9471490131546,1560.8968791786997,1573.1073352337175,1640.3580810016526,1690.924850266923,2681.716760762681,2685.101608306472,2007.0919654249612,1843.1002438067096,218.24723489977325,88.64143932384609,0.1709453657014267,0.0,2014.125495615972,127.13802986828341,1847.1032980925825,1650.3568872612466,2329.9319010418944
Q2:short:collector-emitter,521.9397498148189,2381.4854763159906,4753.011603247343,530.5316506020339,523.1121414729748,523.9724316594561,522.2467251655047,517.7791370326199,519.2180114072253,515.5365268190785,887.7703901072846,529.1287376266741,525.196683742101,522.5664090542103,521.937424823243,521.8701203590722,520.246532583759,2158.5663746978894,692.1902616653501,525.9253702520243,524.1286489199478,522.1723371072113,521.4187032460807,519.4441167099558,503.2380671645344,746.6773067684973,1687.9004624877898,1985.5114203022085,519.5020330824731,520.5729914589273,523.7793761449419,521.5730652534247,525.0789618873247,522.2484343053427,1211.8031964571237,516.9868463332253,519.4243988817767,522.0678935628499,519.1102180517331,523.1607381227016,523.1436713730232,684.7284628545506,4801.70495426671,4793.379926569477,5124.63131740888,616.3036202690067,4763.759374482149,1743.2134901898723,2189.3190704948684,2014.125495615972,0.0,2148.8221155716833,515.4324140072957,2256.5311395509802,2360.4493963661116
Q2:short:base-emitter,1714.815366157801,3095.9833898372813,243.36337110369823,1587.5012157854524,1660.3302689960985,1721.406081520308,1693.6565716755151,1778.4131298649252,1734.2846421252846,1599.387717005286,829.9558227353717,1693.4278322513853,1732.3330266804846,1643.819450006086,1742.2510081629325,1663.7701606067474,1710.5112699279857,2292.8757689245945,1928.3910450947321,1890.6041229587686,1841.5231838388302,1844.334108765008,1626.9954059617396,1268.7370750526977,317.11325597997853,1925.014999675895,2172.1356222879926,15.85763052456235,1042.7036795375654,1582.5056496297755,1747.7101083891494,1863.1368557946287,1852.3000038550003,1676.1033511039914,2670.628205385287,1703.9185589603678,1662.5229815193914,1666.7873365806884,1669.207870624981,1684.289586101201,1768.5626555906906,1800.1770998530808,3090.7103120306856,3095.9245301400188,1962.2640895729696,1823.871595028163,243.36581886604836,318.7149160607991,122.01861968791751,127.13802986828341,2148.8221155716833,0.0,1958.6745509540872,1647.0034613969171,2372.9192844417184
Q2:short:collector-base,199.10143767692418,2490.8875507001894,4576.674112208441,243.58011924325734,218.63572602304663,223.67024790697198,216.05094186011917,238.36879215512823,185.83202668379258,223.3129966916778,887.7104712847791,223.74161264651283,207.51638012929476,209.728363485413,186.91227437134665,170.08772979884418,191.73018942820931,2632.222991337185,364.63056120664345,293.22101001936005,254.2732620300943,210.23572741252087,192.4218256861091,182.05674889461716,175.74242707087686,393.6672665219034,2490.619063640563,1814.8204512975608,214.52737642030095,221.50094915917066,213.77850722571844,251.0535777556142,251.93703857456043,196.74070936449635,1691.2676455448707,196.98029083873527,184.6185022941017,196.22330951268825,196.84853276472967,179.78494627216926,207.9495466744316,1330.7058642110273,4240.8100913836615,4234.273725876206,4582.454838109803,1060.3979245111645,4586.456076789894,1687.6223642832315,2152.4520319045264,1847.1032980925825,515.4324140072957,1958.6745509540872,0.0,2218.120113573354,2336.584957060147
D1:open,1932.375267908506,2841.8892320154737,887.3874658344721,1766.7658567385088,1860.099323044111,1942.4783016609094,1902.4223961570717,2020.0531382198008,1956.8120221731413,1778.5480528698836,883.3764985483209,1902.211499673823,1956.4434229754345,1835.111254057896,1970.8195523370737,1862.5493891421897,1926.9706420237585,1653.2073833937213,2224.67060005175,2175.613264063318,2107.7289098524375,2114.728613560593,1814.4767996105134,1652.8231554827528,1641.82751415432,2224.2508425920278,1653.27791248582,1653.1710546300412,1652.9758679089373,1755.0808895428495,1976.821494001998,2141.0478168953314,2123.3491830531048,1879.0465224816087,2481.8449984607105,1917.2715463164075,1860.570807268612,1866.3631170477693,1869.682278491374,1890.2442089202586,2007.804982056522,1742.3154760956807,2837.8608966008587,2841.8355652360224,1847.3852744318274,1778.3993600520444,876.5661477982653,1640.8084163147028,1653.1728021912986,1650.3568872612466,2256.5311395509802,1647.0034613969171,2218.120113573354,0.0,2573.0324818192967
D1:short,2341.239456933148,409.4383153641153,4450.174474528938,2308.3169599494204,2200.5873639363,2360.2259273960162,2313.0224660809945,2315.5601406262085,2325.147898311661,2297.067840202447,1075.2247075960215,2377.34472618126,2364.9537929546354,2360.5828927504194,2356.596826637608,2354.193298040925,2284.6236821820526,2357.0610303499143,2359.9163232951328,2359.0872684452315,2358.821192352805,2252.8334852750804,2358.174035527836,2357.889107068104,2258.195332189882,2297.8320990377506,2356.8807462870354,2357.153892698213,2357.6528223462974,2245.8759356453374,2317.7203571863715,2358.6903051158656,2359.04230736449,2335.579021638398,409.3618199228641,2358.3555577529132,2293.8082729226376,2358.481454510332,2358.4359770440224,2355.105002022672,2358.198598868858,235.76653959550467,3069.1294251712757,3067.7599431855847,4462.588352237849,226.5964224474467,4459.067932252906,2296.1144921992,2355.3949347486982,2329.9319010418944,2360.4493963661116,2372.9192844417184,2336.584957060147,2573.0324818192967,0.0
