,R1,R2,R3,R4,R5,C1,C2
centre_frequency,-19.59074301682631,-100.32916043953446,-121.56162612742628,1.4179652756993164,-1.4084760050100158,-120.05953066491566,-121.59557052063064
peak_gain,-1.6031393428317386e-05,-0.1042021025968014,0.10370603814872892,-0.1141154755707009,0.11398558586616447,-0.051992052663380695,0.05170802963132859
bandwidth,-60.49264783079161,315.58491667921953,-313.3027116784506,314.8662810002734,-314.8292934474721,97.7638649949331,-156.50805021029737
gain_10k,-0.0019250354025542038,0.002214910717692059,0.0030549154368067627,-0.0014034141576514392,0.0014033080502858924,0.00038267788449213025,0.0029626856847793648
gain_25k,-0.0029797388230383692,-0.10944648542791191,0.08378485180202044,-0.10768256712214841,0.10756787550862068,-0.06313710440591191,0.03501995594360452
gain_60k,-0.0024474194406802763,-0.0005377900660236828,-0.0002906524947691863,-0.0013458086785202855,0.0013459788744631523,-0.0028958299176158747,-0.000381024283741635
phase_25k,-0.45333059678245213,-1.260999858152969,-2.69990729493517,0.5643947664369771,-0.5635838820318053,-1.9768323479597507,-2.4322119781375786
pulse_peak,-0.01577007385498863,-0.010668991689303908,0.027014998656609723,-0.028433403352026376,0.02842717612077883,-0.01734304490788463,0.017931226897972552
pulse_minimum,0.01731843631847374,0.04558951452500959,-0.043872201871778316,0.05762392008328088,-0.05760645251041274,0.04042655332266154,-0.021414331368571293
pulse_rms,-0.002640314314041825,-0.017717754651959905,0.01911535317584734,-0.021512083021199276,0.021494340534927936,-0.01114756635538483,0.009930474738973794
