fault_id,healthy,R1:open,R1:short,R1:parametric:-0.5,R1:parametric:-0.25,R1:parametric:-0.1,R1:parametric:+0.1,R1:parametric:+0.25,R1:parametric:+0.5,R2:open,R2:short,R2:parametric:-0.5,R2:parametric:-0.25,R2:parametric:-0.1,R2:parametric:+0.1,R2:parametric:+0.25,R2:parametric:+0.5,R3:open,R3:short,R3:parametric:-0.5,R3:parametric:-0.25,R3:parametric:-0.1,R3:parametric:+0.1,R3:parametric:+0.25,R3:parametric:+0.5,R4:open,R4:short,R4:parametric:-0.5,R4:parametric:-0.25,R4:parametric:-0.1,R4:parametric:+0.1,R4:parametric:+0.25,R4:parametric:+0.5,R5:open,R5:short,R5:parametric:-0.5,R5:parametric:-0.25,R5:parametric:-0.1,R5:parametric:+0.1,R5:parametric:+0.25,R5:parametric:+0.5,C1:open,C1:short,C1:parametric:-0.5,C1:parametric:-0.25,C1:parametric:-0.1,C1:parametric:+0.1,C1:parametric:+0.25,C1:parametric:+0.5,C2:open,C2:short,C2:parametric:-0.5,C2:parametric:-0.25,C2:parametric:-0.1,C2:parametric:+0.1,C2:parametric:+0.25,C2:parametric:+0.5,XU1.aol:parametric:x0.001,XU1.gbw:parametric:x0.01
healthy,0.0,25.305983491256818,43.978218214747685,7.876704739421048,4.774320685237506,2.0445189494900537,1.5948411734961392,3.995920175096171,6.962384463070007,22.33350409698266,3.25898183686286,3.243530429672804,1.0964039805607417,1.3184208468567011,1.865591109937197,5.568850244643324,8.021987612867516,258.30183086353946,25.303467335607625,12.04544384819513,4.941587252093899,1.8532740598544313,1.2069937984320471,1.1825542046555597,4.624102559075889,17.113841930698634,1.5620541911474184,3.4070165811407604,1.216036954522595,1.0568378432707288,1.1269523991401929,2.9764599949126027,5.619998407396428,4.355991752500253,16.877039657735736,8.897356933381566,4.418292991422842,1.118494577990022,1.081786555569247,0.819060547750796,2.3970372691987993,2.5649334426861574,25.29452809826873,3.0571926190347165,2.7009020735588583,1.1605510354541768,1.0708934665163077,3.076052199175425,5.285614839566636,25.30772880782755,43.91039030420039,10.155624718944312,3.627870216648096,1.1954181257536525,1.059505919336488,1.8288047568325996,3.47349780837563,0.26010996497803685,10.86547209016282
R1:open,25.305983491256818,0.0,53.39599502914726,16.804646758614012,22.449722276114606,28.462627026945732,24.121378600306603,23.726191586911927,22.63582481214238,25.01609404324467,1.42935512050445,2.64499836439587,1.0777124125479758,14.28128679558204,21.428683739669435,15.996112091169378,16.88205882319953,313.42845175822487,0.2820388266560397,17.91055536323092,20.469783034396535,18.955269556991087,17.26000001767058,1.2273293158022531,3.5527049462383933,32.50079509903845,1.5609772687383698,2.6965879283611667,1.3845643957527707,16.39979715684412,27.19014502201833,20.094986806455537,24.97079828806033,4.361664003126205,26.15453454488971,28.48627445198489,21.453446830039375,29.038599670501984,18.527659221313478,2.1679629624880494,2.420232910931929,0.43991430128298764,0.3029949845079107,1.9919011337436763,3.3374311768591327,20.354795065871226,21.794917974427182,12.151684817471477,10.964818698803187,0.23252189861199674,43.62493151653958,8.714995773147562,13.253984580272581,22.10817460133246,21.507064714113092,5.702690840070045,3.7527506141160574,25.980735972356342,8.48703254529313
R1:short,43.978218214747685,53.39599502914726,0.0,15.98513473843305,33.08816277906665,42.32982439957216,45.51398768568494,45.502232996430834,46.866200720892984,51.94007991541044,2.7759654605691075,2.521387040981101,1.03880205964994,29.618502794680087,29.55082906707461,24.562207925718088,25.97678861387866,193.9031918908937,53.38468567289964,29.582266218982994,21.780351725066723,25.978812796377355,35.71444875251911,2.6247833054999115,3.8621262797974043,46.751757288863146,1.4221889328218773,2.8627161638785172,3.0657589751089156,39.145542014352145,33.70996018468936,26.612912084034562,26.350388210886265,5.405109696766881,46.736536041690734,30.666870672455257,24.279526613316474,35.23840089809628,42.303039924923375,6.656640370812787,3.40632207850937,2.765235015546541,53.39459802655694,1.9795633311476668,4.742424927036414,38.234978710588805,38.11629385143898,23.53220133675364,19.99289015536396,53.390927255117724,46.48561825154531,17.495853430378574,21.005092482530422,31.994007832690446,41.46256176218933,15.502973395944394,4.566427172818163,44.319226220777246,28.476645510908533
R1:parametric:-0.5,7.876704739421048,16.804646758614012,15.98513473843305,0.0,4.816505869862529,6.968059573520737,8.615670790510812,9.682654520848464,10.88316334004986,12.322314567475734,3.4013430768678368,3.200479244268423,1.0143411897215475,8.056785417689538,6.9075507989339915,5.940584820618558,6.7973238290599705,77.07395576081466,16.80380197839776,12.312605516162213,8.401250968909046,7.573534846711209,7.65044206542305,1.4091843071798353,4.6722863397514125,14.167112320543398,1.5510823849681508,3.356767383721884,1.394933307265812,7.472325798231709,7.98611320985113,8.313170111831287,9.272293018392398,4.408445848805385,14.144980055572681,10.878444346219322,8.719551037075057,7.960404822042196,7.548118505390844,1.9393685647081176,2.4728846286305064,2.6419728063267525,16.80111489194514,3.0647473628884634,2.306273194472031,7.1808635688122395,7.780320373224677,6.74215169889748,6.938780275192523,16.8052327354436,37.869767658420734,9.532838611784483,7.017750522145994,7.883394641773069,7.566284935759205,4.20725273107959,3.912237561363014,7.947243951751051,8.982044603421873
R1:parametric:-0.25,4.774320685237506,22.449722276114606,33.08816277906665,4.816505869862529,0.0,3.1974623407393215,6.068930429940204,8.014430774997066,10.284169568738479,19.430532468116848,3.4245890594788464,3.2849132481030456,1.0499077551242553,5.063801425512832,3.1841756439999207,3.3952786779943924,5.213357096038209,159.26393777134615,22.448059068063397,12.543590026772904,5.688982392068452,4.277534012540389,4.413888546801945,1.2919504268574742,4.714977079918429,17.137634857041125,1.5620905566814145,3.426925868481085,1.216912991231622,4.150201721282379,4.97275058321456,5.497521516122519,7.1682657350275445,4.355735350997602,17.030923439933503,10.191266574151419,6.216942713675602,4.933995576521128,4.2408187408511395,0.8200393844814846,2.44056993108713,2.713121401104625,22.44247934027404,3.1481663580997172,2.5358081632094764,3.6358805165678114,4.605246114422928,3.4918171719958737,5.150003390996919,22.450875950599446,43.194884803099484,9.134457974049306,3.5852589654923706,4.779059403305051,4.249807179813628,2.4209100740247753,3.763388547516236,4.899645836470096,9.677780329314833
R1:parametric:-0.1,2.0445189494900537,28.462627026945732,42.32982439957216,6.968059573520737,3.1974623407393215,0.0,3.691850533598505,6.228220547875369,9.339185364879821,22.38068015469413,3.3371429654840723,3.2635520665019104,1.0865180174795284,2.852419780896128,1.4434196144396831,4.411953531557033,7.082777794532835,240.2730040121314,28.460085853198674,13.974720471560962,6.265299362533742,2.0781059097570673,1.9629511881075303,1.1856368595036169,4.668037518342477,20.10116614541941,1.5621828785925393,3.4166630319513547,1.2164981991625259,1.7254208307219874,2.418258530517992,4.288210527030031,7.167003643681944,4.355317435274562,19.816761138779746,10.751602987665903,5.9433297812438814,2.270110013334137,1.6975323733966277,0.8195785180999619,2.406834809453144,2.634387628397238,28.45089234266402,3.1007476665494336,2.7122810103500656,1.1490357027481193,1.9626467452031862,3.0438901494927983,5.444651257025186,28.46438969717294,44.55540226087245,11.770654259533119,3.7623519505124343,2.1573092546744164,1.5988473008647854,1.9738821051760547,3.6071419127398685,2.180647075033408,12.45265923475286
R1:parametric:+0.1,1.5948411734961392,24.121378600306603,45.51398768568494,8.615670790510812,6.068930429940204,3.691850533598505,0.0,2.368147457665294,5.329562347094211,22.453117696028393,3.1827612498411537,3.222156027305746,1.0988362604995512,1.1292780953152048,2.824157571182484,6.419780880615221,8.716270189568554,278.06159400757605,24.11875101498588,12.3446238048013,4.873244796132894,1.8292372041222698,1.1735502336751547,1.1782908511794403,4.57915722228333,15.590775749502162,1.5619926230687802,3.396280812762985,1.2158052286181344,1.0788815967701508,1.7946805813377364,3.588739916371378,5.075176062710321,4.356316956890586,15.357373982442896,8.774301744525802,4.187195249977255,1.8009324669371212,1.330588854003345,0.8188205459968033,2.3939174818491558,2.497356620162142,24.10942173798244,3.012855643370781,2.644625156269366,2.2097035150601294,1.397448576868427,2.9654933164166897,4.958877287217749,24.123201209413775,43.58681568454748,10.035820662714096,3.647126232267534,1.247868933363649,1.7379206755204946,1.7627793413600548,3.3495665806587906,1.5161703938930617,10.791165576000267
R1:parametric:+0.25,3.995920175096171,23.726191586911927,45.502232996430834,9.682654520848464,8.014430774997066,6.228220547875369,2.368147457665294,0.0,3.041862097832459,22.380613664594073,3.002549897679528,3.1664161347867736,1.1395069275053176,1.519851669615763,4.902997976234839,7.662935140236625,9.723952468143043,271.8268884455431,23.723217562204628,11.141166367066452,6.7263994911161324,3.3240577991670275,2.8152553598152985,1.1662675707310357,4.465001678452321,14.062050993734651,1.5618210065488694,3.367508140569056,1.2153924330224877,2.8470634887612514,4.0488901728352324,5.386856695438301,7.27724153152528,4.357216041830098,13.798119574612508,7.550934597798567,6.015471678167954,4.339451025025375,3.264001046557323,0.8184276114677181,2.357910544840693,2.339569048189502,23.712497838482253,2.9026909752128867,2.943635190120791,4.238422624324615,3.576567962485036,2.5078891440211963,4.619049259395501,23.728254501662484,43.428373038917655,8.84851195958243,3.4826619421631393,3.4550790692045434,3.880645578906241,1.7345030961768702,3.0745464775270275,3.9588226175921553,9.654339439530627
R1:parametric:+0.5,6.962384463070007,22.63582481214238,46.866200720892984,10.88316334004986,10.284169568738479,9.339185364879821,5.329562347094211,3.041862097832459,0.0,22.760694804250978,2.5794022484295507,2.9692890563341843,1.175735747747355,3.500453195498298,7.38970985855116,9.038318830412278,10.81784468465861,288.65534414236737,22.6324068356798,10.152954062638777,8.837750058728474,5.681633021001687,5.023084346331372,1.0574139911588316,4.167892966191608,12.236841505991334,1.5659893976649915,3.2414974436974076,1.233158774678088,4.943863586098844,7.179435037066152,7.486276524799421,9.842920431887519,4.357680671378373,12.199651317394236,10.433816620345517,8.125628450213545,7.607531519878375,5.577127019278588,0.840058470333871,2.3263152424469626,1.938763255786291,22.619912313362295,2.5904894659266837,3.2406915342975315,6.6669396149575375,6.2272852452709,3.9712042337041678,4.346491173075679,22.6381956714175,44.12675878435004,7.538129770538368,4.202346563692402,6.148725535975629,6.473706288446921,2.1181880155001593,2.530126958720858,6.989074112782964,8.797781198002548
R2:open,22.33350409698266,25.01609404324467,51.94007991541044,12.322314567475734,19.430532468116848,22.38068015469413,22.453117696028393,22.380613664594073,22.760694804250978,0.0,1.6310370309780309,2.664899163904967,1.0839784101771863,17.822857428380527,13.63859794658582,8.450133680244502,8.441466379464899,290.4547811182522,25.04842149488928,16.234331639121756,8.085263372713829,14.957522639930081,18.78843963794073,1.208070801287126,3.6401693507312487,16.0046416540805,1.6019040373323015,2.7435111762664555,1.374811664428176,20.673722899801877,17.707924146365386,10.653119116629622,7.679421166663237,4.146336634005158,15.833150099089965,7.879243881453866,9.285666126190861,17.905800065141673,21.832694592533347,1.3229315795382723,2.414814288255195,0.9728569895636272,25.035805501262338,1.9955367392816639,3.414548556402097,20.86581903071907,20.438965118669195,7.0169247770792476,5.088984729114496,24.99545879941645,46.719085092137036,9.129528823897246,6.324965739834909,18.655091048954947,21.145223948933047,4.119735350544146,3.621275403122639,21.957653614289185,8.178044655871718
R2:short,3.25898183686286,1.42935512050445,2.7759654605691075,3.4013430768678368,3.4245890594788464,3.3371429654840723,3.1827612498411537,3.002549897679528,2.5794022484295507,1.6310370309780309,0.0,2.723298726999547,1.1177793170233938,2.3650218807045422,2.9478482766751712,2.4600146016069098,2.070144594420291,2.3625088454513192,1.4299976938053303,1.6024890163280328,2.0672876765683976,2.8863324735096683,2.307057454598358,1.4941683849177254,2.444771551105737,1.5702144123215334,1.3977657778087154,2.191511184189803,1.6616547441133263,2.672441802501551,3.02979668151538,2.54835740513274,2.1751593337121733,2.827705131371638,1.570123633776454,1.8821788379866422,2.376745818835345,2.96001287219468,2.8072605230746,1.8962965624338066,2.379904021020988,0.9312223436880033,1.4298728638314764,2.297916992418606,3.0248649628365376,2.8208768742107893,3.210024360661599,2.3955290736607515,1.9424913385636835,1.4294793120381029,2.5186421157887198,1.732194717608742,2.189460697633385,3.021756948405633,3.0670969388165537,1.9950325405921367,2.158457596660428,3.2215245404092596,1.7013648952968765
R2:parametric:-0.5,3.243530429672804,2.64499836439587,2.521387040981101,3.200479244268423,3.2849132481030456,3.2635520665019104,3.222156027305746,3.1664161347867736,2.9692890563341843,2.664899163904967,2.723298726999547,0.0,1.351305966153136,2.967988045997926,2.951594055560224,2.790323631429204,2.7425581931946383,2.416456622427228,2.644940737982565,2.604401624872764,2.5401087798777917,2.9146849603195766,3.0262690626750963,2.7212835172309515,2.804986197147652,2.645679502407679,1.5075391284195963,1.8746399672124612,1.6803819349810223,3.2074544010042447,2.974789354097431,2.735208012171331,2.65174228894216,2.4228891044860954,2.64565243725727,2.6487838911318375,2.661503801310776,2.9562524686449785,3.2974851602841784,1.3806913976545163,3.030057094161212,2.587570876170716,2.644976408026,2.3280389857476105,2.1340655354126583,3.1379620200947747,3.0892887370854014,2.8959037174465325,2.8122280370953314,2.645024089468774,2.3003192100650014,2.5537200511388924,2.587685492304199,3.0271462055631675,3.221693830040756,3.266935506597787,3.177224568323296,3.1833745719509845,2.721448634947662
R2:parametric:-0.25,1.0964039805607417,1.0777124125479758,1.03880205964994,1.0143411897215475,1.0499077551242553,1.0865180174795284,1.0988362604995512,1.1395069275053176,1.175735747747355,1.0839784101771863,1.1177793170233938,1.351305966153136,0.0,1.1568749142742183,1.126966801660088,1.124393021123931,1.1085715699435803,2.7250126415837133,1.0776942694199085,1.0649381861992355,1.0449755859931276,1.04381267140651,1.2833835676826149,1.4045756770976683,1.5931955656638623,1.0779279110780031,1.4364692297829358,1.5341030153876947,1.5150478874763393,1.2693886150042746,1.0897546685418575,1.081995548463744,1.0800695579533546,2.4208709998189595,1.077919567614519,1.0789583369843894,1.0835403250174924,1.0923838008537796,1.2621157973820267,1.1926200743271824,2.5356170392085984,1.0716010871550676,1.0777054997937785,1.1486045468938042,0.8039903061738061,1.003335637338438,1.1512105695408978,1.158503107710267,1.1307611743205583,1.0777205172451176,3.3063776525174804,1.0490520375918553,1.0113390401981395,1.0189297109010373,1.2112125781599477,1.3174785198575734,1.255263732931165,1.0996733190753196,1.101855660640605
R2:parametric:-0.1,1.3184208468567011,14.28128679558204,29.618502794680087,8.056785417689538,5.063801425512832,2.852419780896128,1.1292780953152048,1.519851669615763,3.500453195498298,17.822857428380527,2.3650218807045422,2.967988045997926,1.1568749142742183,0.0,2.3440713880118498,5.513714611366993,7.857937947166041,126.65090823773157,14.279712197994751,7.670139837594346,3.712282229196,1.2246060321386911,1.8027726869230964,1.5950220544382032,3.7527904435351083,9.346615311297207,1.5618554123825916,3.3291211008824257,1.103323538382408,1.0052870015164257,1.3802310175894692,2.70937273225251,3.623273008269187,4.356916760363645,9.296126327143286,3.542608259800406,3.1731146711279976,1.4130642502142188,1.1878536452763597,0.6855411273770902,2.5537472373998,1.9581802530634826,14.274605601819692,2.4962392211073814,1.6929538791341914,1.8697243368601943,1.4818113028254654,1.8633140527653882,3.479715687421548,14.282379005939623,41.308383859981554,5.563820172747072,1.9183988457101577,1.0857817211753076,1.7128885957826039,2.194776604986232,2.2304486733146938,1.2534719764261901,7.985029762141462
R2:parametric:+0.1,1.865591109937197,21.428683739669435,29.55082906707461,6.9075507989339915,3.1841756439999207,1.4434196144396831,2.824157571182484,4.902997976234839,7.38970985855116,13.63859794658582,2.9478482766751712,2.951594055560224,1.126966801660088,2.3440713880118498,0.0,3.2871327603093374,5.923835755837148,124.76897602954409,21.426732579730405,10.037823605507612,3.5029065036601734,1.651396892224392,1.619898769473373,1.0660209559805183,4.395480199737707,15.187873826950272,1.5632484226710468,3.182288617611855,1.2787519729172467,1.7115046439068022,1.5674960914131946,2.4003974834816604,4.126029413805546,4.349402546188183,15.059162957916293,7.328059058617483,3.0777393401825206,1.4691284767017423,1.7363348200589377,0.8946805137217169,2.37561687829417,2.118409848714771,21.420121272638738,2.697021057369689,3.5753056921476305,2.012148678221817,1.871732658524556,1.7330992866289183,3.418478139188906,21.430037150288065,42.065788103660225,6.807084007597925,3.1244713677578986,2.065570172270647,1.7346228196694797,1.8342176995801482,3.401173597338092,1.802241652547715,7.8164551508882125
R2:parametric:+0.25,5.568850244643324,15.996112091169378,24.562207925718088,5.940584820618558,3.3952786779943924,4.411953531557033,6.419780880615221,7.662935140236625,9.038318830412278,8.450133680244502,2.4600146016069098,2.790323631429204,1.124393021123931,5.513714611366993,3.2871327603093374,0.0,2.9672183731751782,102.30285433416067,16.0011542743218,8.413484888145748,4.435951437803117,4.410416448024026,4.731807166151755,1.082225185959979,4.112292869068123,11.406284898356464,1.577945740154892,3.0035435452914294,1.3197780042853118,5.148186348741704,4.62716792432678,3.7077629193588226,3.9223428361442956,4.2707858887315675,11.360564645902127,6.243892436297303,3.297602013553046,4.447538639627299,5.292064035994343,0.9442603748436282,2.3795366589634415,1.6681984035233757,15.993748315604892,2.3893330506092396,3.844626608769888,4.8062823821463105,5.423376158886048,3.6852385679163286,2.982763711647886,16.00198953988967,42.93461122835176,7.0544683083555135,4.789491318792909,5.492910024236529,5.281521991923171,1.9740401679107131,2.8447760392419217,5.559597261644403,7.304235661137618
R2:parametric:+0.5,8.021987612867516,16.88205882319953,25.97678861387866,6.7973238290599705,5.213357096038209,7.082777794532835,8.716270189568554,9.723952468143043,10.81784468465861,8.441466379464899,2.070144594420291,2.7425581931946383,1.1085715699435803,7.857937947166041,5.923835755837148,2.9672183731751782,0.0,87.97555018290971,16.880489157240373,9.30054577402006,5.81786467776396,6.8995448301944595,7.1354410651475115,1.1322220225909285,3.899239281202204,11.935379489687667,1.6018491765375649,2.883873482815923,1.3454321436471166,7.603633046845226,7.170821527334433,6.452019486429768,6.166282555580497,4.1418383578292,11.870252691245007,6.441157966531128,6.11178348473233,6.992409959430428,7.763377200112673,1.2668765556892816,2.393495887358637,1.5804356704431968,16.875351191708532,2.177959106228908,3.7070389475385777,7.297869147576125,7.867515245295448,5.980032338209129,2.7356375226779615,16.883147612762254,42.23083608717124,10.008637480840571,5.900814295950257,7.8967358963983765,7.746071290760494,3.117976652048758,3.079834722830839,8.024553949250603,8.124659065471361
R3:open,258.30183086353946,313.42845175822487,193.9031918908937,77.07395576081466,159.26393777134615,240.2730040121314,278.06159400757605,271.8268884455431,288.65534414236737,290.4547811182522,2.3625088454513192,2.416456622427228,2.7250126415837133,126.65090823773157,124.76897602954409,102.30285433416067,87.97555018290971,0.0,313.4223081052455,165.3552277229273,84.66596408829307,117.30979142954331,170.43724988734402,11.204668834081097,3.061135674047518,279.80233224015876,1.2640452311449024,2.4332498791207207,14.821299460772163,200.55888857917802,154.20706809393664,112.50289038442115,111.28333318521948,9.127172835476841,277.916113981362,135.53078758698376,104.00133522289042,165.28988407768998,238.2434080083979,30.168173791536983,16.356209162914823,7.632840941720971,313.55670263220577,3.4955380305244317,17.91158429806462,192.4030736202426,185.45237459881926,103.47310822331539,70.31224738631907,313.5358733949881,6.518386237323899,69.08541171236254,79.25253976805588,144.19428719010665,225.48082121112682,72.45445722856999,5.261018161511365,261.4423156872847,69.2881846565615
R3:short,25.303467335607625,0.2820388266560397,53.38468567289964,16.80380197839776,22.448059068063397,28.460085853198674,24.11875101498588,23.723217562204628,22.6324068356798,25.04842149488928,1.4299976938053303,2.644940737982565,1.0776942694199085,14.279712197994751,21.426732579730405,16.0011542743218,16.880489157240373,313.4223081052455,0.0,17.91803545647254,20.477913668774555,18.953386606416075,17.258246119003566,1.2273850761914256,3.55305255109175,32.49020797133946,1.5609334189429631,2.6967743469507415,1.3845256600027003,16.398149396439774,27.187424410552545,20.092831469006104,24.980998577112818,4.361894516345304,26.146007826413477,28.498129877855888,21.451049556019914,29.035717003361675,18.52581792546284,2.1677535334224443,2.420248600042803,0.4400206820268206,0.22862325655834878,1.9917813777536781,3.337207801196929,20.352875802907366,21.79274143760264,12.150485360595248,10.963683099165653,0.23068988940666557,43.62498803044232,8.713662175438014,13.252663461432991,22.10594456448248,21.504964226792392,5.7021535060705055,3.753131032952104,25.978138034556938,8.488720959116893
R3:parametric:-0.5,12.04544384819513,17.91055536323092,29.582266218982994,12.312605516162213,12.543590026772904,13.974720471560962,12.3446238048013,11.141166367066452,10.152954062638777,16.234331639121756,1.6024890163280328,2.604401624872764,1.0649381861992355,7.670139837594346,10.037823605507612,8.413484888145748,9.30054577402006,165.3552277229273,17.91803545647254,0.0,6.564828818756026,8.399833603289432,7.851274353077391,1.266573758583077,3.6373002957374734,8.498950411931977,1.5274051064620477,2.742082119157927,1.3750915305091684,8.046123734440489,10.577137793501088,8.139284987514293,7.310034592630831,4.5369457800271755,8.406617985161876,6.671585012489486,9.04528139184662,10.691529196556527,8.95753209691821,1.2097372616003843,2.4312765479491882,0.9281053792174291,17.907048695366996,1.8496938238201845,3.179683701174471,9.344201282025468,10.294317241352276,6.851469630950003,6.455866181430052,17.91927457535028,43.86798256624495,3.236227001697775,6.428756525744681,9.077077157978708,9.445569526559046,3.378057765069519,4.018791578873363,11.296063693103543,11.38658650287911
R3:parametric:-0.25,4.941587252093899,20.469783034396535,21.780351725066723,8.401250968909046,5.688982392068452,6.265299362533742,4.873244796132894,6.7263994911161324,8.837750058728474,8.085263372713829,2.0672876765683976,2.5401087798777917,1.0449755859931276,3.712282229196,3.5029065036601734,4.435951437803117,5.81786467776396,84.66596408829307,20.477913668774555,6.564828818756026,0.0,2.7937852047572576,3.371059073794224,1.3272985399411439,3.8975175859517996,10.629383667065431,1.540453761466749,2.885247294661284,1.3448006739097333,3.2585454168845,3.8251765639452713,2.956477332328317,2.909642431903542,4.4659595862404515,10.550756865481802,4.4427889717378894,2.7480263541142183,3.663282995491553,4.158207086519315,0.9745284359427905,2.4484301535090225,1.389195626995343,20.46597139283463,2.0299429675427434,2.916908869712017,4.115664701954288,4.4411649471128145,4.945702805133177,6.329244048158021,20.479260553394887,44.58786608089981,4.425009179372776,1.947553485221264,3.6252179056041935,4.5699226532573824,2.7823550362954177,4.360688756585605,4.619745564120805,10.722030384349669
R3:parametric:-0.1,1.8532740598544313,18.955269556991087,25.978812796377355,7.573534846711209,4.277534012540389,2.0781059097570673,1.8292372041222698,3.3240577991670275,5.681633021001687,14.957522639930081,2.8863324735096683,2.9146849603195766,1.04381267140651,1.2246060321386911,1.651396892224392,4.410416448024026,6.8995448301944595,117.30979142954331,18.953386606416075,8.399833603289432,2.7937852047572576,0.0,1.6722863856459007,1.3230527483943861,4.357576210016703,12.97505210570638,1.560483151997215,3.1559905470365632,1.2850847286395288,1.5779522322059727,0.9471597431893395,1.5272980519778911,2.9717254437702225,4.363961735888158,12.87312511472967,5.667030329073939,2.1562793228809074,1.032780149842895,1.7726877439785207,0.9023294144436598,2.4480718610153986,2.042402745062793,18.94709305637835,2.6438436535588834,2.713325810714314,1.4104825600367883,2.0268137492806573,2.926985849632847,4.618702616526019,18.95657565458545,41.6051430766837,6.232900781931072,1.973336244286469,0.7947965572121003,2.4132831141017723,2.6598554630145808,3.6657568701223253,1.8397486481736125,8.30046622297699
R3:parametric:+0.1,1.2069937984320471,17.26000001767058,35.71444875251911,7.65044206542305,4.413888546801945,1.9629511881075303,1.1735502336751547,2.8152553598152985,5.023084346331372,18.78843963794073,2.307057454598358,3.0262690626750963,1.2833835676826149,1.8027726869230964,1.619898769473373,4.731807166151755,7.1354410651475115,170.43724988734402,17.258246119003566,7.851274353077391,3.371059073794224,1.6722863856459007,0.0,1.2405787917934106,3.8135414196732857,11.719036289264336,1.8043488786256174,3.2538517340733195,1.1678197543923088,0.6711243169045156,1.3614652123714255,2.0743659715241156,3.5232406998701706,4.355338196477131,11.639382769052204,5.035515503291371,2.8042108994601254,1.349072855450133,0.8427588511554571,0.7622974519304663,2.212397957066012,2.0953239397975465,17.252455371685215,2.4306842513191276,2.91197948509564,1.921027084752045,1.0106699004427095,2.33705204502045,3.7802734515899443,17.2612165991678,40.75078862389515,6.2438544334210615,2.455403410939269,1.7949638704901019,0.5361020766013029,1.1658830245741214,2.1684278225904,1.2443461007906071,8.741577912776862
R3:parametric:+0.25,1.1825542046555597,1.2273293158022531,2.6247833054999115,1.4091843071798353,1.2919504268574742,1.1856368595036169,1.1782908511794403,1.1662675707310357,1.0574139911588316,1.208070801287126,1.4941683849177254,2.7212835172309515,1.4045756770976683,1.5950220544382032,1.0660209559805183,1.082225185959979,1.1322220225909285,11.204668834081097,1.2273850761914256,1.266573758583077,1.3272985399411439,1.3230527483943861,1.2405787917934106,0.0,1.6832986140281703,1.2266648779149303,1.7792736727891443,1.7635927322741194,1.4236255587290918,1.6479433588436654,1.1810089071975076,1.2123217733014062,1.219612235673593,3.9189534738369276,1.2266901588116401,1.223390463865537,1.208154997917416,1.174043098617685,1.661542166447221,1.0727097662870886,1.997347060243062,1.2211981126116476,1.2273505611940545,1.67828627584128,1.9990956336703027,1.504333129923112,0.9987105574950157,0.9761744483168361,1.063601256050806,1.2273043961434764,11.363283921778498,1.3152407696637214,1.4286861599371117,1.3911828399942436,1.2235087584786644,0.6615804141367024,1.167923236639815,1.1386920400213376,1.4280912338588425
R3:parametric:+0.5,4.624102559075889,3.5527049462383933,3.8621262797974043,4.6722863397514125,4.714977079918429,4.668037518342477,4.57915722228333,4.465001678452321,4.167892966191608,3.6401693507312487,2.444771551105737,2.804986197147652,1.5931955656638623,3.7527904435351083,4.395480199737707,4.112292869068123,3.899239281202204,3.061135674047518,3.55305255109175,3.6373002957374734,3.8975175859517996,4.357576210016703,3.8135414196732857,1.6832986140281703,0.0,3.628897526045142,1.6743985202350993,1.285746199292692,1.7695922396395805,4.000723425118064,4.4366221080764605,4.1610168364157945,3.9561977930056536,3.134630668099224,3.628847593659887,3.79758133082114,4.06579760589723,4.402085124991066,4.155480010580734,1.645349801196725,2.1984873108328,3.0340657317276865,3.5529849442734283,2.1449189356820098,3.207678858303326,4.328309925328299,4.552043514279335,4.0784523027836945,3.785024786290735,3.552772143587985,2.8885304984322557,3.6082887937992276,3.9641726951452574,4.4516968228855465,4.508704680364597,3.462712258321386,2.936707346610539,4.589752516052327,3.4863048585987735
R4:open,17.113841930698634,32.50079509903845,46.751757288863146,14.167112320543398,17.137634857041125,20.10116614541941,15.590775749502162,14.062050993734651,12.236841505991334,16.0046416540805,1.5702144123215334,2.645679502407679,1.0779279110780031,9.346615311297207,15.187873826950272,11.406284898356464,11.935379489687667,279.80233224015876,32.49020797133946,8.498950411931977,10.629383667065431,12.97505210570638,11.719036289264336,1.2266648779149303,3.628897526045142,0.0,1.562590824653799,2.73745822707129,1.3760706368666773,11.208981278903726,18.2560146763863,13.212413699009343,12.211757891301003,4.352987644680916,0.09430498622140929,10.36640688147525,13.752437597504716,19.492587912573835,12.688222673217904,1.5247563478429396,2.4200461679483642,0.7664482619663024,32.4303342518486,1.955515706435597,3.3400137844954427,14.235222060345311,14.809278199600168,8.416696507703552,7.436840261443083,32.50813879791315,46.147978840434334,6.143045067147104,9.128870582860007,14.940501884633374,14.776195964289709,4.04804745047537,3.747992987874336,17.49593270936667,8.941843860018178
R4:short,1.5620541911474184,1.5609772687383698,1.4221889328218773,1.5510823849681508,1.5620905566814145,1.5621828785925393,1.5619926230687802,1.5618210065488694,1.5659893976649915,1.6019040373323015,1.3977657778087154,1.5075391284195963,1.4364692297829358,1.5618554123825916,1.5632484226710468,1.577945740154892,1.6018491765375649,1.2640452311449024,1.5609334189429631,1.5274051064620477,1.540453761466749,1.560483151997215,1.8043488786256174,1.7792736727891443,1.6743985202350993,1.562590824653799,0.0,1.789309681132808,1.5438316228824285,1.5622888162999327,1.5621447996450415,1.5619815004426574,1.5622073342440468,2.3485675131027097,1.5625224083063085,1.5623144343032451,1.5624454519351378,1.562199238284006,1.5622476826743341,1.562492715046873,2.6723927678530046,1.5092110383809845,1.5609285500828436,1.979237902194237,1.5747791038363237,1.562220806302183,1.5622368576215122,1.5662961549547385,1.5913912659598288,1.5609099890725815,1.5597520509369804,1.499844445475726,1.5524967167428652,1.5618138711005436,1.6753217560198221,1.9836740550117755,1.8453034141030422,1.5622314175261822,1.6988247616580159
R4:parametric:-0.5,3.4070165811407604,2.6965879283611667,2.8627161638785172,3.356767383721884,3.426925868481085,3.4166630319513547,3.396280812762985,3.367508140569056,3.2414974436974076,2.7435111762664555,2.191511184189803,1.8746399672124612,1.5341030153876947,3.3291211008824257,3.182288617611855,3.0035435452914294,2.883873482815923,2.4332498791207207,2.6967743469507415,2.742082119157927,2.885247294661284,3.1559905470365632,3.2538517340733195,1.7635927322741194,1.285746199292692,2.73745822707129,1.789309681132808,0.0,1.904256176932021,3.5217178372726847,3.19579253065847,3.030765021918104,2.914427409997397,2.901830644263771,2.737432765386125,2.828194332221195,2.9743836465447124,3.185292893520596,3.577860336711482,1.6492833345135265,1.7018845724151708,2.515993093007441,2.696738188042342,1.8851594272784487,2.646142608225555,3.3699872613703223,3.2780153929961373,2.9925289005240057,2.823939199049045,2.6966239473099125,2.3407879906988733,2.726909874028281,2.9334439580064613,3.2402106979355825,3.4112427606486846,2.852872898716326,2.4165734611083693,3.3574333199626745,2.661182638691393
R4:parametric:-0.25,1.216036954522595,1.3845643957527707,3.0657589751089156,1.394933307265812,1.216912991231622,1.2164981991625259,1.2158052286181344,1.2153924330224877,1.233158774678088,1.374811664428176,1.6616547441133263,1.6803819349810223,1.5150478874763393,1.103323538382408,1.2787519729172467,1.3197780042853118,1.3454321436471166,14.821299460772163,1.3845256600027003,1.3750915305091684,1.3448006739097333,1.2850847286395288,1.1678197543923088,1.4236255587290918,1.7695922396395805,1.3760706368666773,1.5438316228824285,1.904256176932021,0.0,1.0484279086457742,1.2772315318720955,1.3139677938940288,1.3390839130262695,4.232905845343756,1.3760757221233306,1.3571752713348373,1.3264554011258027,1.278211763289276,1.0573558542743582,0.638313607970384,0.6512926195664989,1.4026403037149942,1.3845331579113396,1.8294366752458662,1.3681160378580437,1.1983483172883487,1.2572098853709663,1.3209984435556663,1.3576807046953832,1.384556914349407,13.453426355464925,1.3781835469794725,1.3329064195070006,1.2625328966408738,1.202591680049294,1.3102059488555466,1.4331092022190026,1.2314903113070874,2.4268797164969707
R4:parametric:-0.1,1.0568378432707288,16.39979715684412,39.145542014352145,7.472325798231709,4.150201721282379,1.7254208307219874,1.0788815967701508,2.8470634887612514,4.943863586098844,20.673722899801877,2.672441802501551,3.2074544010042447,1.2693886150042746,1.0052870015164257,1.7115046439068022,5.148186348741704,7.603633046845226,200.55888857917802,16.398149396439774,8.046123734440489,3.2585454168845,1.5779522322059727,0.6711243169045156,1.6479433588436654,4.000723425118064,11.208981278903726,1.5622888162999327,3.5217178372726847,1.0484279086457742,0.0,1.5250432124883269,2.078798323803751,3.419680143053544,4.354726985084074,11.141845562811827,5.012992720632006,2.6671160287754554,1.527091591951754,0.18478159505705571,0.6195852696933878,2.341130960706744,2.278217718388258,16.392749328454805,2.7826286405313687,2.0127217281281973,0.8922528093973111,1.375559661982794,2.5691929910059605,4.212506810130975,16.400940116159543,42.60237380865872,6.267735474419045,2.2119243301302878,1.403337102965665,0.9426685023395103,1.5864014634510981,2.5533039376776867,1.172653405695775,8.955995913776956
R4:parametric:+0.1,1.1269523991401929,27.19014502201833,33.70996018468936,7.98611320985113,4.97275058321456,2.418258530517992,1.7946805813377364,4.0488901728352324,7.179435037066152,17.707924146365386,3.02979668151538,2.974789354097431,1.0897546685418575,1.3802310175894692,1.5674960914131946,4.62716792432678,7.170821527334433,154.20706809393664,27.187424410552545,10.577137793501088,3.8251765639452713,0.9471597431893395,1.3614652123714255,1.1810089071975076,4.4366221080764605,18.2560146763863,1.5621447996450415,3.19579253065847,1.2772315318720955,1.5250432124883269,0.0,1.8508145503364044,4.336528130077313,4.355396034264225,17.963324259461036,7.433583813674808,3.1371418505614823,0.1571259786986807,1.5939467726245315,0.8928224514768963,2.4080550007062316,2.1955450798907616,27.17754815647365,2.7421463487059743,3.196447771834589,1.8135045829581575,1.1778382752370038,2.430289244946915,4.336355041926165,27.19203215816402,42.93909764961738,8.87570085287115,2.8315279150936083,1.2155448068208798,1.7095327314887006,2.2010837706303046,3.5748762806981427,0.9645656915963506,9.612988187869306
R4:parametric:+0.25,2.9764599949126027,20.094986806455537,26.612912084034562,8.313170111831287,5.497521516122519,4.288210527030031,3.588739916371378,5.386856695438301,7.486276524799421,10.653119116629622,2.54835740513274,2.735208012171331,1.081995548463744,2.70937273225251,2.4003974834816604,3.7077629193588226,6.452019486429768,112.50289038442115,20.092831469006104,8.139284987514293,2.956477332328317,1.5272980519778911,2.0743659715241156,1.2123217733014062,4.1610168364157945,13.212413699009343,1.5619815004426574,3.030765021918104,1.3139677938940288,2.078798323803751,1.8508145503364044,0.0,2.2203138804408042,4.355676051222776,13.077348314119211,5.010025368053748,1.0266413614141159,1.7042458653190071,2.540057901538331,0.9372329508386109,2.416186742969933,1.6361584705815169,20.085504063002947,2.373874059703933,3.3294054112149603,2.7220151091189884,2.5055157296528647,2.902686092630916,4.059340735409282,20.096481843603666,44.14478405800135,6.75828067526226,2.966132085051258,2.515742461299562,2.9538164434900214,2.392361858897615,3.4743745613855803,2.697514230009452,7.9481180849843795
R4:parametric:+0.5,5.619998407396428,24.97079828806033,26.350388210886265,9.272293018392398,7.1682657350275445,7.167003643681944,5.075176062710321,7.27724153152528,9.842920431887519,7.679421166663237,2.1751593337121733,2.65174228894216,1.0800695579533546,3.623273008269187,4.126029413805546,3.9223428361442956,6.166282555580497,111.28333318521948,24.980998577112818,7.310034592630831,2.909642431903542,2.9717254437702225,3.5232406998701706,1.219612235673593,3.9561977930056536,12.211757891301003,1.5622073342440468,2.914427409997397,1.3390839130262695,3.419680143053544,4.336528130077313,2.2203138804408042,0.0,4.3536757931044034,12.057520545891366,3.2666038903264116,1.4446068237394796,3.936281317639405,4.498101638848441,0.9676073186135097,2.418107226027374,1.3176134837934277,24.966016392344905,2.102686678372457,3.350732685688606,4.3486684352082445,4.814850940870274,3.4796427552930553,4.017167817697046,24.982688311493803,45.25098447023649,7.2815232251241495,3.5144231757976163,3.8764376052216476,4.948591732295976,2.4346495080779733,3.651808163311165,5.212909583454364,9.293007364059758
R5:open,4.355991752500253,4.361664003126205,5.405109696766881,4.408445848805385,4.355735350997602,4.355317435274562,4.356316956890586,4.357216041830098,4.357680671378373,4.146336634005158,2.827705131371638,2.4228891044860954,2.4208709998189595,4.356916760363645,4.349402546188183,4.2707858887315675,4.1418383578292,9.127172835476841,4.361894516345304,4.5369457800271755,4.4659595862404515,4.363961735888158,4.355338196477131,3.9189534738369276,3.134630668099224,4.352987644680916,2.3485675131027097,2.901830644263771,4.232905845343756,4.354726985084074,4.355396034264225,4.355676051222776,4.3536757931044034,0.0,4.353337465644402,4.353207504250619,4.3525790750848765,4.355117853017925,4.354967170657618,4.299701404495789,4.259039565731339,3.696618090731548,4.361919673435794,2.6280975534469317,4.132223753263437,4.355088032048994,4.354994036813852,4.3322501564363165,4.194148682891444,4.3620176844192855,9.774379065978142,4.6746952591717745,4.401469425429842,4.357162837111403,4.355596328157161,4.3617173607011335,3.4783907269173464,4.355054909199957,3.6167970359193022
R5:short,16.877039657735736,26.15453454488971,46.736536041690734,14.144980055572681,17.030923439933503,19.816761138779746,15.357373982442896,13.798119574612508,12.199651317394236,15.833150099089965,1.570123633776454,2.64565243725727,1.077919567614519,9.296126327143286,15.059162957916293,11.360564645902127,11.870252691245007,277.916113981362,26.146007826413477,8.406617985161876,10.550756865481802,12.87312511472967,11.639382769052204,1.2266901588116401,3.628847593659887,0.09430498622140929,1.5625224083063085,2.737432765386125,1.3760757221233306,11.141845562811827,17.963324259461036,13.077348314119211,12.057520545891366,4.353337465644402,0.0,10.157988304810843,13.579866443830474,19.144449606408095,12.592926150223056,1.525113733851233,2.420053316353786,0.7661636735830709,26.10552484036823,1.955431370446514,3.339899100699207,14.118685540195951,14.65437491188572,8.390893344485626,7.416821056312121,26.16044905302252,46.010118498188675,6.140672858420524,9.09442157171293,14.776726396278224,14.631880736939317,4.0465624918358705,3.7481273904139463,17.238754000619295,8.92359901066111
R5:parametric:-0.5,8.897356933381566,28.48627445198489,30.666870672455257,10.878444346219322,10.191266574151419,10.751602987665903,8.774301744525802,7.550934597798567,10.433816620345517,7.879243881453866,1.8821788379866422,2.6487838911318375,1.0789583369843894,3.542608259800406,7.328059058617483,6.243892436297303,6.441157966531128,135.53078758698376,28.498129877855888,6.671585012489486,4.4427889717378894,5.667030329073939,5.035515503291371,1.223390463865537,3.79758133082114,10.36640688147525,1.5623144343032451,2.828194332221195,1.3571752713348373,5.012992720632006,7.433583813674808,5.010025368053748,3.2666038903264116,4.353207504250619,10.157988304810843,0.0,4.953395357467427,7.450864572965635,6.673002577329478,0.9894933070260393,2.4191352864246696,1.1357714970624935,28.480716628095255,1.8997213830605983,3.3491268161463754,6.625977914055618,7.537750286801742,4.76182650437566,4.796509998528508,28.500093794818667,46.13362365469587,7.534459967883981,4.236818558709496,6.09850972824455,7.159688069547783,2.8386590154524876,3.7144354878990167,8.280070926726147,10.925992967886298
R5:parametric:-0.25,4.418292991422842,21.453446830039375,24.279526613316474,8.719551037075057,6.216942713675602,5.9433297812438814,4.187195249977255,6.015471678167954,8.125628450213545,9.285666126190861,2.376745818835345,2.661503801310776,1.0835403250174924,3.1731146711279976,3.0777393401825206,3.297602013553046,6.11178348473233,104.00133522289042,21.451049556019914,9.04528139184662,2.7480263541142183,2.1562793228809074,2.8042108994601254,1.208154997917416,4.06579760589723,13.752437597504716,1.5624454519351378,2.9743836465447124,1.3264554011258027,2.6671160287754554,3.1371418505614823,1.0266413614141159,1.4446068237394796,4.3525790750848765,13.579866443830474,4.953395357467427,0.0,2.843270783596841,3.5642229138304518,0.9523307296559993,2.414958208882341,1.4345389568754596,21.44275337282602,2.2455020693830865,3.366867370398068,3.5656961748930094,3.7280072346537785,3.020450354566968,3.958960340444909,21.45510968506669,44.359039989066424,6.880823065330702,3.262821222038358,3.029414482563025,4.014041848881852,2.386656415326401,3.4991539923032016,4.048837369843081,8.949018329859856
R5:parametric:-0.1,1.118494577990022,29.038599670501984,35.23840089809628,7.960404822042196,4.933995576521128,2.270110013334137,1.8009324669371212,4.339451025025375,7.607531519878375,17.905800065141673,2.96001287219468,2.9562524686449785,1.0923838008537796,1.4130642502142188,1.4691284767017423,4.447538639627299,6.992409959430428,165.28988407768998,29.035717003361675,10.691529196556527,3.663282995491553,1.032780149842895,1.349072855450133,1.174043098617685,4.402085124991066,19.492587912573835,1.562199238284006,3.185292893520596,1.278211763289276,1.527091591951754,0.1571259786986807,1.7042458653190071,3.936281317639405,4.355117853017925,19.144449606408095,7.450864572965635,2.843270783596841,0.0,1.5953965005048045,0.8940257462762077,2.4059864680976792,2.130886140383119,29.02504151658284,2.7049292181668805,3.256247052572556,1.816997121039784,1.140233887867924,2.3144825934576225,4.338363062047122,29.040599215613394,42.57818666585692,8.074035268131654,3.0454974484022497,1.2885638431768947,1.68563327579516,2.191692796949085,3.4219889152403353,0.9367133731636451,8.77731214416279
R5:parametric:+0.1,1.081786555569247,18.527659221313478,42.303039924923375,7.548118505390844,4.2408187408511395,1.6975323733966277,1.330588854003345,3.264001046557323,5.577127019278588,21.832694592533347,2.8072605230746,3.2974851602841784,1.2621157973820267,1.1878536452763597,1.7363348200589377,5.292064035994343,7.763377200112673,238.2434080083979,18.52581792546284,8.95753209691821,4.158207086519315,1.7726877439785207,0.8427588511554571,1.661542166447221,4.155480010580734,12.688222673217904,1.5622476826743341,3.577860336711482,1.0573558542743582,0.18478159505705571,1.5939467726245315,2.540057901538331,4.498101638848441,4.354967170657618,12.592926150223056,6.673002577329478,3.5642229138304518,1.5953965005048045,0.0,0.6298092192587514,2.375153158551557,2.390072387504836,18.51968542974685,2.900064567150843,2.100130943687997,0.9000685447962945,1.5364113199096983,3.2690774156609237,4.459732753089074,18.52893642535321,43.3397534665608,8.02791991471822,3.0712959078014577,1.4593109363644743,0.9563270349776904,1.6379872898082948,2.6967308088761888,1.2079157661880864,9.217947398222602
R5:parametric:+0.25,0.819060547750796,2.1679629624880494,6.656640370812787,1.9393685647081176,0.8200393844814846,0.8195785180999619,0.8188205459968033,0.8184276114677181,0.840058470333871,1.3229315795382723,1.8962965624338066,1.3806913976545163,1.1926200743271824,0.6855411273770902,0.8946805137217169,0.9442603748436282,1.2668765556892816,30.168173791536983,2.1677535334224443,1.2097372616003843,0.9745284359427905,0.9023294144436598,0.7622974519304663,1.0727097662870886,1.645349801196725,1.5247563478429396,1.562492715046873,1.6492833345135265,0.638313607970384,0.6195852696933878,0.8928224514768963,0.9372329508386109,0.9676073186135097,4.299701404495789,1.525113733851233,0.9894933070260393,0.9523307296559993,0.8940257462762077,0.6298092192587514,0.0,1.4285821983898572,1.3740416752479934,2.1671090207265933,1.8735076726126751,1.003094791240229,0.7981027603491396,0.8686432893998488,0.9457515207877175,0.9901097189024085,2.1681082317279357,17.849191143030154,2.02315079561183,0.9601632632004883,0.8751207340538878,0.803008338571924,0.9332954029834821,1.0814756957855451,0.8376710488623127,3.8817818759633655
R5:parametric:+0.5,2.3970372691987993,2.420232910931929,3.40632207850937,2.4728846286305064,2.44056993108713,2.406834809453144,2.3939174818491558,2.357910544840693,2.3263152424469626,2.414814288255195,2.379904021020988,3.030057094161212,2.5356170392085984,2.5537472373998,2.37561687829417,2.3795366589634415,2.393495887358637,16.356209162914823,2.420248600042803,2.4312765479491882,2.4484301535090225,2.4480718610153986,2.212397957066012,1.997347060243062,2.1984873108328,2.4200461679483642,2.6723927678530046,1.7018845724151708,0.6512926195664989,2.341130960706744,2.4080550007062316,2.416186742969933,2.418107226027374,4.259039565731339,2.420053316353786,2.4191352864246696,2.414958208882341,2.4059864680976792,2.375153158551557,1.4285821983898572,0.0,2.4208932855188183,2.4202388886754935,2.4942765882119793,2.6481184638717,2.5052940574624345,2.3537320040520187,2.349752970676185,2.3742189323009097,2.4202259004435214,14.180800157162299,2.4449866073606694,2.477196085831107,2.4682381480097124,2.2952938292368845,2.1990438885311296,2.2635390261843242,2.3971186331308303,2.622181283788663
C1:open,2.5649334426861574,0.43991430128298764,2.765235015546541,2.6419728063267525,2.713121401104625,2.634387628397238,2.497356620162142,2.339569048189502,1.938763255786291,0.9728569895636272,0.9312223436880033,2.587570876170716,1.0716010871550676,1.9581802530634826,2.118409848714771,1.6681984035233757,1.5804356704431968,7.632840941720971,0.4400206820268206,0.9281053792174291,1.389195626995343,2.042402745062793,2.0953239397975465,1.2211981126116476,3.0340657317276865,0.7664482619663024,1.5092110383809845,2.515993093007441,1.4026403037149942,2.278217718388258,2.1955450798907616,1.6361584705815169,1.3176134837934277,3.696618090731548,0.7661636735830709,1.1357714970624935,1.4345389568754596,2.130886140383119,2.390072387504836,1.3740416752479934,2.4208932855188183,0.0,0.4403476654820992,1.9240261479568814,2.6705847027689558,2.2170113231607753,2.4189300762021215,1.9472599307281597,1.4606831797838953,0.43984051090556076,7.22047222216175,1.1315139917666748,1.5023066303150319,2.2356356495263445,2.4226558814615724,2.340991274090208,2.43698279520099,2.4962620410107856,1.267367413422189
C1:short,25.29452809826873,0.3029949845079107,53.39459802655694,16.80111489194514,22.44247934027404,28.45089234266402,24.10942173798244,23.712497838482253,22.619912313362295,25.035805501262338,1.4298728638314764,2.644976408026,1.0777054997937785,14.274605601819692,21.420121272638738,15.993748315604892,16.875351191708532,313.55670263220577,0.22862325655834878,17.907048695366996,20.46597139283463,18.94709305637835,17.252455371685215,1.2273505611940545,3.5529849442734283,32.4303342518486,1.5609285500828436,2.696738188042342,1.3845331579113396,16.392749328454805,27.17754815647365,20.085504063002947,24.966016392344905,4.361919673435794,26.10552484036823,28.480716628095255,21.44275337282602,29.02504151658284,18.51968542974685,2.1671090207265933,2.4202388886754935,0.4403476654820992,0.0,1.991886340732954,3.337346067993631,20.346412184226626,21.785274428799518,12.146666721572673,10.960085892275425,0.3545824962845443,43.62576480192594,8.709446114692234,13.248428347990279,22.098262759882253,21.497793831744822,5.7004893293290895,3.752895558355873,25.96883360070907,8.486241016858186
C1:parametric:-0.5,3.0571926190347165,1.9919011337436763,1.9795633311476668,3.0647473628884634,3.1481663580997172,3.1007476665494336,3.012855643370781,2.9026909752128867,2.5904894659266837,1.9955367392816639,2.297916992418606,2.3280389857476105,1.1486045468938042,2.4962392211073814,2.697021057369689,2.3893330506092396,2.177959106228908,3.4955380305244317,1.9917813777536781,1.8496938238201845,2.0299429675427434,2.6438436535588834,2.4306842513191276,1.67828627584128,2.1449189356820098,1.955515706435597,1.979237902194237,1.8851594272784487,1.8294366752458662,2.7826286405313687,2.7421463487059743,2.373874059703933,2.102686678372457,2.6280975534469317,1.955431370446514,1.8997213830605983,2.2455020693830865,2.7049292181668805,2.900064567150843,1.8735076726126751,2.4942765882119793,1.9240261479568814,1.991886340732954,0.0,1.9066754090292577,2.809538033541086,2.903912372855109,2.9003413775636986,2.5552288464087294,1.9918474705392721,3.228827500947771,1.7505492518684742,2.13116955475089,2.790483022272083,2.96947223188953,2.9442868798497486,3.693280209491333,2.9934931069421817,2.2190421445533492
C1:parametric:-0.25,2.7009020735588583,3.3374311768591327,4.742424927036414,2.306273194472031,2.5358081632094764,2.7122810103500656,2.644625156269366,2.943635190120791,3.2406915342975315,3.414548556402097,3.0248649628365376,2.1340655354126583,0.8039903061738061,1.6929538791341914,3.5753056921476305,3.844626608769888,3.7070389475385777,17.91158429806462,3.337207801196929,3.179683701174471,2.916908869712017,2.713325810714314,2.91197948509564,1.9990956336703027,3.207678858303326,3.3400137844954427,1.5747791038363237,2.646142608225555,1.3681160378580437,2.0127217281281973,3.196447771834589,3.3294054112149603,3.350732685688606,4.132223753263437,3.339899100699207,3.3491268161463754,3.366867370398068,3.256247052572556,2.100130943687997,1.003094791240229,2.6481184638717,2.6705847027689558,3.337346067993631,1.9066754090292577,0.0,1.7482070060189914,3.699992475261544,4.195422990144335,3.9607436577591018,3.3375305973292653,14.981752326286012,2.979742979683608,2.46367282446278,2.291128512988556,3.5205908513304838,4.019216625465835,4.778167403571001,3.006825021158208,3.6294462024354037
C1:parametric:-0.1,1.1605510354541768,20.354795065871226,38.234978710588805,7.1808635688122395,3.6358805165678114,1.1490357027481193,2.2097035150601294,4.238422624324615,6.6669396149575375,20.86581903071907,2.8208768742107893,3.1379620200947747,1.003335637338438,1.8697243368601943,2.012148678221817,4.8062823821463105,7.297869147576125,192.4030736202426,20.352875802907366,9.344201282025468,4.115664701954288,1.4104825600367883,1.921027084752045,1.504333129923112,4.328309925328299,14.235222060345311,1.562220806302183,3.3699872613703223,1.1983483172883487,0.8922528093973111,1.8135045829581575,2.7220151091189884,4.3486684352082445,4.355088032048994,14.118685540195951,6.625977914055618,3.5656961748930094,1.816997121039784,0.9000685447962945,0.7981027603491396,2.5052940574624345,2.2170113231607753,20.346412184226626,2.809538033541086,1.7482070060189914,0.0,1.899178384777919,3.3669350233219926,4.363582919668913,20.35612635134059,42.43673526962124,7.308150277132793,2.505146957344591,1.0064052946163196,2.0740371311152876,2.71083262493352,2.973294186082369,1.3003698962640402,8.9318591526302
C1:parametric:+0.1,1.0708934665163077,21.794917974427182,38.11629385143898,7.780320373224677,4.605246114422928,1.9626467452031862,1.397448576868427,3.576567962485036,6.2272852452709,20.438965118669195,3.210024360661599,3.0892887370854014,1.1512105695408978,1.4818113028254654,1.871732658524556,5.423376158886048,7.867515245295448,185.45237459881926,21.79274143760264,10.294317241352276,4.4411649471128145,2.0268137492806573,1.0106699004427095,0.9987105574950157,4.552043514279335,14.809278199600168,1.5622368576215122,3.2780153929961373,1.2572098853709663,1.375559661982794,1.1778382752370038,2.5055157296528647,4.814850940870274,4.354994036813852,14.65437491188572,7.537750286801742,3.7280072346537785,1.140233887867924,1.5364113199096983,0.8686432893998488,2.3537320040520187,2.4189300762021215,21.785274428799518,2.903912372855109,3.699992475261544,1.899178384777919,0.0,1.974886905349958,4.058448685052185,21.7964277163972,43.1804676404085,8.922160069349935,3.850510507195841,2.0409415098631687,0.7742168130799322,1.5591472992665518,3.7140430182174735,0.7731585951123537,9.606599356884319
C1:parametric:+0.25,3.076052199175425,12.151684817471477,23.53220133675364,6.74215169889748,3.4918171719958737,3.0438901494927983,2.9654933164166897,2.5078891440211963,3.9712042337041678,7.0169247770792476,2.3955290736607515,2.8959037174465325,1.158503107710267,1.8633140527653882,1.7330992866289183,3.6852385679163286,5.980032338209129,103.47310822331539,12.150485360595248,6.851469630950003,4.945702805133177,2.926985849632847,2.33705204502045,0.9761744483168361,4.0784523027836945,8.416696507703552,1.5662961549547385,2.9925289005240057,1.3209984435556663,2.5691929910059605,2.430289244946915,2.902686092630916,3.4796427552930553,4.3322501564363165,8.390893344485626,4.76182650437566,3.020450354566968,2.3144825934576225,3.2690774156609237,0.9457515207877175,2.349752970676185,1.9472599307281597,12.146666721572673,2.9003413775636986,4.195422990144335,3.3669350233219926,1.974886905349958,0.0,2.0854071933774483,12.152516813680709,37.70663411857812,6.550201263300624,5.325720897932371,3.198492328737053,2.3357478214764877,1.6189261424471122,2.7002371343724714,2.662431137422495,6.783316364436778
C1:parametric:+0.5,5.285614839566636,10.964818698803187,19.99289015536396,6.938780275192523,5.150003390996919,5.444651257025186,4.958877287217749,4.619049259395501,4.346491173075679,5.088984729114496,1.9424913385636835,2.8122280370953314,1.1307611743205583,3.479715687421548,3.418478139188906,2.982763711647886,2.7356375226779615,70.31224738631907,10.963683099165653,6.455866181430052,6.329244048158021,4.618702616526019,3.7802734515899443,1.063601256050806,3.785024786290735,7.436840261443083,1.5913912659598288,2.823939199049045,1.3576807046953832,4.212506810130975,4.336355041926165,4.059340735409282,4.017167817697046,4.194148682891444,7.416821056312121,4.796509998528508,3.958960340444909,4.338363062047122,4.459732753089074,0.9901097189024085,2.3742189323009097,1.4606831797838953,10.960085892275425,2.5552288464087294,3.9607436577591018,4.363582919668913,4.058448685052185,2.0854071933774483,0.0,10.965606400814286,32.571605144834656,7.337933141118266,5.826155740364335,4.743642096466428,4.812979803301732,2.275430047075052,2.581928705811196,5.065986060958304,4.945227821511286
C2:open,25.30772880782755,0.23252189861199674,53.390927255117724,16.8052327354436,22.450875950599446,28.46438969717294,24.123201209413775,23.728254501662484,22.6381956714175,24.99545879941645,1.4294793120381029,2.645024089468774,1.0777205172451176,14.282379005939623,21.430037150288065,16.00198953988967,16.883147612762254,313.5358733949881,0.23068988940666557,17.91927457535028,20.479260553394887,18.95657565458545,17.2612165991678,1.2273043961434764,3.552772143587985,32.50813879791315,1.5609099890725815,2.6966239473099125,1.384556914349407,16.400940116159543,27.19203215816402,20.096481843603666,24.982688311493803,4.3620176844192855,26.16044905302252,28.500093794818667,21.45510968506669,29.040599215613394,18.52893642535321,2.1681082317279357,2.4202259004435214,0.43984051090556076,0.3545824962845443,1.9918474705392721,3.3375305973292653,20.35612635134059,21.7964277163972,12.152516813680709,10.965606400814286,0.0,43.62506345690475,8.71592081535706,13.254900966587309,22.109721453280535,21.508521704791953,5.70306355863923,3.7525794438731,25.982538016634685,8.48900065421893
C2:short,43.91039030420039,43.62493151653958,46.48561825154531,37.869767658420734,43.194884803099484,44.55540226087245,43.58681568454748,43.428373038917655,44.12675878435004,46.719085092137036,2.5186421157887198,2.3003192100650014,3.3063776525174804,41.308383859981554,42.065788103660225,42.93461122835176,42.23083608717124,6.518386237323899,43.62498803044232,43.86798256624495,44.58786608089981,41.6051430766837,40.75078862389515,11.363283921778498,2.8885304984322557,46.147978840434334,1.5597520509369804,2.3407879906988733,13.453426355464925,42.60237380865872,42.93909764961738,44.14478405800135,45.25098447023649,9.774379065978142,46.010118498188675,46.13362365469587,44.359039989066424,42.57818666585692,43.3397534665608,17.849191143030154,14.180800157162299,7.22047222216175,43.62576480192594,3.228827500947771,14.981752326286012,42.43673526962124,43.1804676404085,37.70663411857812,32.571605144834656,43.62506345690475,0.0,36.38206204937731,36.59143647799305,42.52283110547885,43.165822963788486,19.843376935332522,5.792230770124604,44.158980378375276,34.464280972382426
C2:parametric:-0.5,10.155624718944312,8.714995773147562,17.495853430378574,9.532838611784483,9.134457974049306,11.770654259533119,10.035820662714096,8.84851195958243,7.538129770538368,9.129528823897246,1.732194717608742,2.5537200511388924,1.0490520375918553,5.563820172747072,6.807084007597925,7.0544683083555135,10.008637480840571,69.08541171236254,8.713662175438014,3.236227001697775,4.425009179372776,6.232900781931072,6.2438544334210615,1.3152407696637214,3.6082887937992276,6.143045067147104,1.499844445475726,2.726909874028281,1.3781835469794725,6.267735474419045,8.87570085287115,6.75828067526226,7.2815232251241495,4.6746952591717745,6.140672858420524,7.534459967883981,6.880823065330702,8.074035268131654,8.02791991471822,2.02315079561183,2.4449866073606694,1.1315139917666748,8.709446114692234,1.7505492518684742,2.979742979683608,7.308150277132793,8.922160069349935,6.550201263300624,7.337933141118266,8.71592081535706,36.38206204937731,0.0,4.524069490513119,7.3823948287589936,8.478314054932696,4.006931179557672,4.332532429824197,9.609696629971836,10.239079236822167
C2:parametric:-0.25,3.627870216648096,13.253984580272581,21.005092482530422,7.017750522145994,3.5852589654923706,3.7623519505124343,3.647126232267534,3.4826619421631393,4.202346563692402,6.324965739834909,2.189460697633385,2.587685492304199,1.0113390401981395,1.9183988457101577,3.1244713677578986,4.789491318792909,5.900814295950257,79.25253976805588,13.252663461432991,6.428756525744681,1.947553485221264,1.973336244286469,2.455403410939269,1.4286861599371117,3.9641726951452574,9.128870582860007,1.5524967167428652,2.9334439580064613,1.3329064195070006,2.2119243301302878,2.8315279150936083,2.966132085051258,3.5144231757976163,4.401469425429842,9.09442157171293,4.236818558709496,3.262821222038358,3.0454974484022497,3.0712959078014577,0.9601632632004883,2.477196085831107,1.5023066303150319,13.248428347990279,2.13116955475089,2.46367282446278,2.505146957344591,3.850510507195841,5.325720897932371,5.826155740364335,13.254900966587309,36.59143647799305,4.524069490513119,0.0,1.9903285025809783,3.91471172600197,3.080718623329391,4.81611106533186,3.7261306002255132,7.987796106576741
C2:parametric:-0.1,1.1954181257536525,22.10817460133246,31.994007832690446,7.883394641773069,4.779059403305051,2.1573092546744164,1.247868933363649,3.4550790692045434,6.148725535975629,18.655091048954947,3.021756948405633,3.0271462055631675,1.0189297109010373,1.0857817211753076,2.065570172270647,5.492910024236529,7.8967358963983765,144.19428719010665,22.10594456448248,9.077077157978708,3.6252179056041935,0.7947965572121003,1.7949638704901019,1.3911828399942436,4.4516968228855465,14.940501884633374,1.5618138711005436,3.2402106979355825,1.2625328966408738,1.403337102965665,1.2155448068208798,2.515742461299562,3.8764376052216476,4.357162837111403,14.776726396278224,6.09850972824455,3.029414482563025,1.2885638431768947,1.4593109363644743,0.8751207340538878,2.4682381480097124,2.2356356495263445,22.098262759882253,2.790483022272083,2.291128512988556,1.0064052946163196,2.0409415098631687,3.198492328737053,4.743642096466428,22.109721453280535,42.52283110547885,7.3823948287589936,1.9903285025809783,0.0,2.064630559206817,2.7699640322187773,3.5894618717110367,1.1409756066747176,8.492050397660913
C2:parametric:+0.1,1.059505919336488,21.507064714113092,41.46256176218933,7.566284935759205,4.249807179813628,1.5988473008647854,1.7379206755204946,3.880645578906241,6.473706288446921,21.145223948933047,3.0670969388165537,3.221693830040756,1.2112125781599477,1.7128885957826039,1.7346228196694797,5.281521991923171,7.746071290760494,225.48082121112682,21.504964226792392,9.445569526559046,4.5699226532573824,2.4132831141017723,0.5361020766013029,1.2235087584786644,4.508704680364597,14.776195964289709,1.6753217560198221,3.4112427606486846,1.202591680049294,0.9426685023395103,1.7095327314887006,2.9538164434900214,4.948591732295976,4.355596328157161,14.631880736939317,7.159688069547783,4.014041848881852,1.68563327579516,0.9563270349776904,0.803008338571924,2.2952938292368845,2.4226558814615724,21.497793831744822,2.96947223188953,3.5205908513304838,2.0740371311152876,0.7742168130799322,2.3357478214764877,4.812979803301732,21.508521704791953,43.165822963788486,8.478314054932696,3.91471172600197,2.064630559206817,0.0,1.1122661377074696,3.1300775915498327,1.1467975014402967,9.093203517727321
C2:parametric:+0.25,1.8288047568325996,5.702690840070045,15.502973395944394,4.20725273107959,2.4209100740247753,1.9738821051760547,1.7627793413600548,1.7345030961768702,2.1181880155001593,4.119735350544146,1.9950325405921367,3.266935506597787,1.3174785198575734,2.194776604986232,1.8342176995801482,1.9740401679107131,3.117976652048758,72.45445722856999,5.7021535060705055,3.378057765069519,2.7823550362954177,2.6598554630145808,1.1658830245741214,0.6615804141367024,3.462712258321386,4.04804745047537,1.9836740550117755,2.852872898716326,1.3102059488555466,1.5864014634510981,2.2010837706303046,2.392361858897615,2.4346495080779733,4.3617173607011335,4.0465624918358705,2.8386590154524876,2.386656415326401,2.191692796949085,1.6379872898082948,0.9332954029834821,2.1990438885311296,2.340991274090208,5.7004893293290895,2.9442868798497486,4.019216625465835,2.71083262493352,1.5591472992665518,1.6189261424471122,2.275430047075052,5.70306355863923,19.843376935332522,4.006931179557672,3.080718623329391,2.7699640322187773,1.1122661377074696,0.0,1.4146606667365744,1.9545764466792304,6.401377557034745
C2:parametric:+0.5,3.47349780837563,3.7527506141160574,4.566427172818163,3.912237561363014,3.763388547516236,3.6071419127398685,3.3495665806587906,3.0745464775270275,2.530126958720858,3.621275403122639,2.158457596660428,3.177224568323296,1.255263732931165,2.2304486733146938,3.401173597338092,2.8447760392419217,3.079834722830839,5.261018161511365,3.753131032952104,4.018791578873363,4.360688756585605,3.6657568701223253,2.1684278225904,1.167923236639815,2.936707346610539,3.747992987874336,1.8453034141030422,2.4165734611083693,1.4331092022190026,2.5533039376776867,3.5748762806981427,3.4743745613855803,3.651808163311165,3.4783907269173464,3.7481273904139463,3.7144354878990167,3.4991539923032016,3.4219889152403353,2.6967308088761888,1.0814756957855451,2.2635390261843242,2.43698279520099,3.752895558355873,3.693280209491333,4.778167403571001,2.973294186082369,3.7140430182174735,2.7002371343724714,2.581928705811196,3.7525794438731,5.792230770124604,4.332532429824197,4.81611106533186,3.5894618717110367,3.1300775915498327,1.4146606667365744,0.0,3.499838639119979,3.2324570249610414
XU1.aol:parametric:x0.001,0.26010996497803685,25.980735972356342,44.319226220777246,7.947243951751051,4.899645836470096,2.180647075033408,1.5161703938930617,3.9588226175921553,6.989074112782964,21.957653614289185,3.2215245404092596,3.1833745719509845,1.0996733190753196,1.2534719764261901,1.802241652547715,5.559597261644403,8.024553949250603,261.4423156872847,25.978138034556938,11.296063693103543,4.619745564120805,1.8397486481736125,1.2443461007906071,1.1386920400213376,4.589752516052327,17.49593270936667,1.5622314175261822,3.3574333199626745,1.2314903113070874,1.172653405695775,0.9645656915963506,2.697514230009452,5.212909583454364,4.355054909199957,17.238754000619295,8.280070926726147,4.048837369843081,0.9367133731636451,1.2079157661880864,0.8376710488623127,2.3971186331308303,2.4962620410107856,25.96883360070907,2.9934931069421817,3.006825021158208,1.3003698962640402,0.7731585951123537,2.662431137422495,5.065986060958304,25.982538016634685,44.158980378375276,9.609696629971836,3.7261306002255132,1.1409756066747176,1.1467975014402967,1.9545764466792304,3.499838639119979,0.0,10.315632101832147
XU1.gbw:parametric:x0.01,10.86547209016282,8.48703254529313,28.476645510908533,8.982044603421873,9.677780329314833,12.45265923475286,10.791165576000267,9.654339439530627,8.797781198002548,8.178044655871718,1.7013648952968765,2.721448634947662,1.101855660640605,7.985029762141462,7.8164551508882125,7.304235661137618,8.124659065471361,69.2881846565615,8.488720959116893,11.38658650287911,10.722030384349669,8.30046622297699,8.741577912776862,1.4280912338588425,3.4863048585987735,8.941843860018178,1.6988247616580159,2.661182638691393,2.4268797164969707,8.955995913776956,9.612988187869306,7.9481180849843795,9.293007364059758,3.6167970359193022,8.92359901066111,10.925992967886298,8.949018329859856,8.77731214416279,9.217947398222602,3.8817818759633655,2.622181283788663,1.267367413422189,8.486241016858186,2.2190421445533492,3.6294462024354037,8.9318591526302,9.606599356884319,6.783316364436778,4.945227821511286,8.48900065421893,34.464280972382426,10.239079236822167,7.987796106576741,8.492050397660913,9.093203517727321,6.401377557034745,3.2324570249610414,10.315632101832147,0.0
